city_id,teryt_code,city_name,year,quarter,calendar_quarter,transactions,transactions_attribute,sold_units,sold_units_attribute,sold_area_m2,sold_area_attribute,avg_sold_area_m2
1,2061000,Białystok,2010,1,2010Q1,254.0,,256.0,,13933.1,,54.426171875
1,2061000,Białystok,2010,2,2010Q2,304.0,,304.0,,16540.0,,54.4078947368421
1,2061000,Białystok,2010,3,2010Q3,398.0,,398.0,,20697.9,,52.004773869346735
1,2061000,Białystok,2010,4,2010Q4,535.0,,538.0,,29441.1,,54.72323420074349
1,2061000,Białystok,2011,1,2011Q1,366.0,,370.0,,19751.2,,53.381621621621626
1,2061000,Białystok,2011,2,2011Q2,402.0,,403.0,,21633.3,,53.68064516129032
1,2061000,Białystok,2011,3,2011Q3,526.0,,527.0,,27900.3,,52.94174573055028
1,2061000,Białystok,2011,4,2011Q4,472.0,,522.0,,29437.3,,56.39329501915709
1,2061000,Białystok,2012,1,2012Q1,510.0,,510.0,,26397.4,,51.75960784313726
1,2061000,Białystok,2012,2,2012Q2,472.0,,476.0,,24715.1,,51.922478991596634
1,2061000,Białystok,2012,3,2012Q3,533.0,,542.0,,28881.2,,53.28634686346864
1,2061000,Białystok,2012,4,2012Q4,530.0,,528.0,,27212.6,,51.53901515151515
1,2061000,Białystok,2013,1,2013Q1,539.0,,542.0,,28005.0,,51.669741697416974
1,2061000,Białystok,2013,2,2013Q2,443.0,,437.0,,22995.7,,52.62173913043478
1,2061000,Białystok,2013,3,2013Q3,481.0,,478.0,,25439.4,,53.22050209205021
1,2061000,Białystok,2013,4,2013Q4,627.0,,612.0,,31865.6,,52.06797385620915
1,2061000,Białystok,2014,1,2014Q1,597.0,,599.0,,30057.9,,50.180133555926545
1,2061000,Białystok,2014,2,2014Q2,606.0,,613.0,,31504.0,,51.393148450244695
1,2061000,Białystok,2014,3,2014Q3,641.0,,646.0,,33086.2,,51.21702786377708
1,2061000,Białystok,2014,4,2014Q4,555.0,,554.0,,27723.2,,50.04187725631769
1,2061000,Białystok,2015,1,2015Q1,622.0,,622.0,,31655.0,,50.89228295819936
1,2061000,Białystok,2015,2,2015Q2,484.0,,485.0,,24542.5,,50.603092783505154
1,2061000,Białystok,2015,3,2015Q3,741.0,,746.0,,36282.4,,48.635924932975875
1,2061000,Białystok,2015,4,2015Q4,594.0,,595.0,,29346.9,,49.32252100840336
1,2061000,Białystok,2016,1,2016Q1,887.0,,883.0,,43707.0,,49.49830124575311
1,2061000,Białystok,2016,2,2016Q2,707.0,,711.0,,35921.3,,50.522222222222226
1,2061000,Białystok,2016,3,2016Q3,674.0,,671.0,,33621.2,,50.10611028315946
1,2061000,Białystok,2016,4,2016Q4,601.0,,599.0,,29586.8,,49.39365609348915
1,2061000,Białystok,2017,1,2017Q1,885.0,,893.0,,46898.6,,52.51802911534154
1,2061000,Białystok,2017,2,2017Q2,702.0,,700.0,,35762.7,,51.089571428571425
1,2061000,Białystok,2017,3,2017Q3,776.0,,771.0,,38970.0,,50.54474708171206
1,2061000,Białystok,2017,4,2017Q4,783.0,,782.0,,40306.8,,51.54322250639387
1,2061000,Białystok,2018,1,2018Q1,776.0,,772.0,,40000.5,,51.814119170984455
1,2061000,Białystok,2018,2,2018Q2,613.0,,620.0,,31664.9,,51.072419354838715
1,2061000,Białystok,2018,3,2018Q3,640.0,,640.0,,31783.0,,49.6609375
1,2061000,Białystok,2018,4,2018Q4,953.0,,960.0,,47259.3,,49.228437500000005
1,2061000,Białystok,2019,1,2019Q1,707.0,,715.0,,37080.1,,51.86027972027972
1,2061000,Białystok,2019,2,2019Q2,795.0,,803.0,,42317.9,,52.699750933997514
1,2061000,Białystok,2019,3,2019Q3,901.0,,916.0,,46034.7,,50.256222707423575
1,2061000,Białystok,2019,4,2019Q4,1049.0,,1076.0,,54719.0,,50.85408921933085
1,2061000,Białystok,2020,1,2020Q1,772.0,,785.0,,39305.9,,50.071210191082805
1,2061000,Białystok,2020,2,2020Q2,736.0,,739.0,,38597.3,,52.22909336941814
1,2061000,Białystok,2020,3,2020Q3,892.0,,906.0,,45652.4,,50.388962472406185
1,2061000,Białystok,2020,4,2020Q4,963.0,,972.0,,48328.3,,49.72047325102881
1,2061000,Białystok,2021,1,2021Q1,820.0,,826.0,,41552.5,,50.30569007263922
1,2061000,Białystok,2021,2,2021Q2,1246.0,,1259.0,,64883.2,,51.53550436854646
1,2061000,Białystok,2021,3,2021Q3,1106.0,,1120.0,,57639.3,,51.463660714285716
1,2061000,Białystok,2021,4,2021Q4,1377.0,,1387.0,,72501.2,,52.271953857245855
1,2061000,Białystok,2022,1,2022Q1,1407.0,,1435.0,,74758.2,,52.096306620209056
1,2061000,Białystok,2022,2,2022Q2,859.0,,882.0,,44725.6,,50.70929705215419
1,2061000,Białystok,2022,3,2022Q3,911.0,,936.0,,46015.6,,49.16196581196581
1,2061000,Białystok,2022,4,2022Q4,490.0,,574.0,,30086.4,,52.41533101045297
1,2061000,Białystok,2023,1,2023Q1,,x,787.0,,37660.0,,47.85260482846252
1,2061000,Białystok,2023,2,2023Q2,893.0,,899.0,,44221.0,,49.18909899888765
1,2061000,Białystok,2023,3,2023Q3,943.0,,949.0,,46821.0,,49.33719704952582
1,2061000,Białystok,2023,4,2023Q4,,x,1323.0,,66772.0,,50.47014361300076
1,2061000,Białystok,2024,1,2024Q1,1442.0,,1440.0,,70903.0,,49.238194444444446
1,2061000,Białystok,2024,2,2024Q2,1155.0,,1170.0,,57919.0,,49.5034188034188
1,2061000,Białystok,2024,3,2024Q3,925.0,,916.0,,44478.0,,48.556768558951966
1,2061000,Białystok,2024,4,2024Q4,873.0,,876.0,,43086.0,,49.18493150684932
2,0461000,Bydgoszcz,2010,1,2010Q1,478.0,,403.0,,21751.4,,53.97369727047147
2,0461000,Bydgoszcz,2010,2,2010Q2,346.0,,342.0,,18069.3,,52.834210526315786
2,0461000,Bydgoszcz,2010,3,2010Q3,469.0,,407.0,,21102.6,,51.84914004914005
2,0461000,Bydgoszcz,2010,4,2010Q4,489.0,,443.0,,23064.6,,52.06455981941309
2,0461000,Bydgoszcz,2011,1,2011Q1,587.0,,573.0,,29793.3,,51.995287958115185
2,0461000,Bydgoszcz,2011,2,2011Q2,607.0,,522.0,,27548.9,,52.775670498084295
2,0461000,Bydgoszcz,2011,3,2011Q3,519.0,,457.0,,23154.3,,50.66586433260394
2,0461000,Bydgoszcz,2011,4,2011Q4,698.0,,654.0,,34308.6,,52.45963302752293
2,0461000,Bydgoszcz,2012,1,2012Q1,702.0,,636.0,,33120.2,,52.07578616352201
2,0461000,Bydgoszcz,2012,2,2012Q2,625.0,,562.0,,28245.2,,50.25836298932384
2,0461000,Bydgoszcz,2012,3,2012Q3,794.0,,654.0,,33511.5,,51.24082568807339
2,0461000,Bydgoszcz,2012,4,2012Q4,840.0,,627.0,,32150.3,,51.27639553429027
2,0461000,Bydgoszcz,2013,1,2013Q1,785.0,,666.0,,33927.3,,50.9418918918919
2,0461000,Bydgoszcz,2013,2,2013Q2,912.0,,772.0,,40270.7,,52.16411917098445
2,0461000,Bydgoszcz,2013,3,2013Q3,737.0,,625.0,,33009.5,,52.8152
2,0461000,Bydgoszcz,2013,4,2013Q4,686.0,,653.0,,34827.2,,53.33415007656967
2,0461000,Bydgoszcz,2014,1,2014Q1,712.0,,641.0,,34019.0,,53.07176287051482
2,0461000,Bydgoszcz,2014,2,2014Q2,642.0,,579.0,,30361.8,,52.438341968911914
2,0461000,Bydgoszcz,2014,3,2014Q3,660.0,,622.0,,32155.7,,51.69726688102894
2,0461000,Bydgoszcz,2014,4,2014Q4,669.0,,656.0,,33552.9,,51.14771341463415
2,0461000,Bydgoszcz,2015,1,2015Q1,701.0,,678.0,,35152.2,,51.84690265486725
2,0461000,Bydgoszcz,2015,2,2015Q2,795.0,,758.0,,39297.3,,51.8434036939314
2,0461000,Bydgoszcz,2015,3,2015Q3,613.0,,599.0,,31201.0,,52.08848080133556
2,0461000,Bydgoszcz,2015,4,2015Q4,637.0,,642.0,,33255.9,,51.80046728971963
2,0461000,Bydgoszcz,2016,1,2016Q1,793.0,,785.0,,42302.8,,53.88891719745223
2,0461000,Bydgoszcz,2016,2,2016Q2,840.0,,836.0,,45072.0,,53.91387559808612
2,0461000,Bydgoszcz,2016,3,2016Q3,685.0,,678.0,,36064.5,,53.192477876106196
2,0461000,Bydgoszcz,2016,4,2016Q4,335.0,,325.0,,16702.8,,51.39323076923077
2,0461000,Bydgoszcz,2017,1,2017Q1,844.0,,848.0,,44261.2,,52.19481132075472
2,0461000,Bydgoszcz,2017,2,2017Q2,818.0,,814.0,,40728.1,,50.03452088452088
2,0461000,Bydgoszcz,2017,3,2017Q3,815.0,,800.0,,41926.8,,52.408500000000004
2,0461000,Bydgoszcz,2017,4,2017Q4,596.0,,613.0,,31471.7,,51.34045676998369
2,0461000,Bydgoszcz,2018,1,2018Q1,1045.0,,1064.0,,55350.3,,52.02095864661654
2,0461000,Bydgoszcz,2018,2,2018Q2,835.0,,800.0,,39944.6,,49.930749999999996
2,0461000,Bydgoszcz,2018,3,2018Q3,904.0,,897.0,,45598.9,,50.83489409141583
2,0461000,Bydgoszcz,2018,4,2018Q4,733.0,,723.0,,37699.5,,52.143153526970956
2,0461000,Bydgoszcz,2019,1,2019Q1,964.0,,978.0,,50217.7,,51.34734151329243
2,0461000,Bydgoszcz,2019,2,2019Q2,798.0,,808.0,,41288.1,,51.09913366336634
2,0461000,Bydgoszcz,2019,3,2019Q3,729.0,,739.0,,37991.9,,51.409878213802436
2,0461000,Bydgoszcz,2019,4,2019Q4,719.0,,726.0,,37199.5,,51.238980716253444
2,0461000,Bydgoszcz,2020,1,2020Q1,792.0,,797.0,,41155.6,,51.638143036386445
2,0461000,Bydgoszcz,2020,2,2020Q2,495.0,,501.0,,25026.2,,49.95249500998004
2,0461000,Bydgoszcz,2020,3,2020Q3,740.0,,742.0,,36660.8,,49.40808625336928
2,0461000,Bydgoszcz,2020,4,2020Q4,779.0,,805.0,,42327.2,,52.58037267080745
2,0461000,Bydgoszcz,2021,1,2021Q1,868.0,,874.0,,43773.7,,50.08432494279176
2,0461000,Bydgoszcz,2021,2,2021Q2,1186.0,,1245.0,,64307.2,,51.65236947791164
2,0461000,Bydgoszcz,2021,3,2021Q3,795.0,,791.0,,39157.8,,49.504171934260434
2,0461000,Bydgoszcz,2021,4,2021Q4,809.0,,819.0,,41864.3,,51.11636141636142
2,0461000,Bydgoszcz,2022,1,2022Q1,1104.0,,1141.0,,57084.9,,50.03058720420684
2,0461000,Bydgoszcz,2022,2,2022Q2,762.0,,769.0,,36382.4,,47.31131339401821
2,0461000,Bydgoszcz,2022,3,2022Q3,807.0,,823.0,,40474.6,,49.179343863912514
2,0461000,Bydgoszcz,2022,4,2022Q4,738.0,,759.0,,35599.5,,46.90316205533597
2,0461000,Bydgoszcz,2023,1,2023Q1,,x,816.0,,39092.1,,47.906985294117646
2,0461000,Bydgoszcz,2023,2,2023Q2,,x,795.0,,39227.8,,49.34314465408806
2,0461000,Bydgoszcz,2023,3,2023Q3,1122.0,,1117.0,,55637.0,,49.80931065353626
2,0461000,Bydgoszcz,2023,4,2023Q4,1162.0,,1129.0,,56640.2,,50.16846767050487
2,0461000,Bydgoszcz,2024,1,2024Q1,,x,1246.0,,61295.8,,49.19406099518459
2,0461000,Bydgoszcz,2024,2,2024Q2,908.0,,861.0,,43324.0,,50.318234610917536
2,0461000,Bydgoszcz,2024,3,2024Q3,1230.0,,1231.0,,60518.0,,49.16165718927701
2,0461000,Bydgoszcz,2024,4,2024Q4,,x,990.0,,48760.0,,49.25252525252525
3,2261000,Gdańsk,2010,1,2010Q1,338.0,,12.0,,712.5,,59.375
3,2261000,Gdańsk,2010,2,2010Q2,586.0,,178.0,,9540.1,,53.59606741573034
3,2261000,Gdańsk,2010,3,2010Q3,625.0,,277.0,,15241.6,,55.023826714801444
3,2261000,Gdańsk,2010,4,2010Q4,1571.0,,892.0,,51188.1,,57.38576233183856
3,2261000,Gdańsk,2011,1,2011Q1,1470.0,,803.0,,44733.2,,55.70759651307596
3,2261000,Gdańsk,2011,2,2011Q2,1348.0,,832.0,,46379.3,,55.744350961538466
3,2261000,Gdańsk,2011,3,2011Q3,1228.0,,969.0,,53371.2,,55.07863777089783
3,2261000,Gdańsk,2011,4,2011Q4,1650.0,,1154.0,,64247.6,,55.6738301559792
3,2261000,Gdańsk,2012,1,2012Q1,1342.0,,1011.0,,58209.3,,57.5759643916914
3,2261000,Gdańsk,2012,2,2012Q2,1559.0,,1241.0,,68283.9,,55.02328767123287
3,2261000,Gdańsk,2012,3,2012Q3,1802.0,,1153.0,,64345.8,,55.807285342584564
3,2261000,Gdańsk,2012,4,2012Q4,1960.0,,1365.0,,76105.4,,55.75487179487179
3,2261000,Gdańsk,2013,1,2013Q1,1779.0,,1538.0,,82615.2,,53.71599479843953
3,2261000,Gdańsk,2013,2,2013Q2,1797.0,,1633.0,,90689.2,,55.53533374157991
3,2261000,Gdańsk,2013,3,2013Q3,1789.0,,1585.0,,84833.0,,53.52239747634069
3,2261000,Gdańsk,2013,4,2013Q4,1676.0,,1515.0,,83688.1,,55.2396699669967
3,2261000,Gdańsk,2014,1,2014Q1,1334.0,,1242.0,,67152.2,,54.06779388083736
3,2261000,Gdańsk,2014,2,2014Q2,1556.0,,1369.0,,76606.5,,55.95799853907962
3,2261000,Gdańsk,2014,3,2014Q3,1474.0,,1348.0,,74986.4,,55.62789317507418
3,2261000,Gdańsk,2014,4,2014Q4,1605.0,,1510.0,,82430.4,,54.58966887417218
3,2261000,Gdańsk,2015,1,2015Q1,1655.0,,1545.0,,82781.4,,53.58019417475728
3,2261000,Gdańsk,2015,2,2015Q2,1788.0,,1671.0,,89487.1,,53.55302214242969
3,2261000,Gdańsk,2015,3,2015Q3,1757.0,,1685.0,,88731.1,,52.65940652818991
3,2261000,Gdańsk,2015,4,2015Q4,1967.0,,1921.0,,101150.1,,52.65491931285789
3,2261000,Gdańsk,2016,1,2016Q1,1706.0,,1615.0,,84772.3,,52.49058823529412
3,2261000,Gdańsk,2016,2,2016Q2,2267.0,,2203.0,,114426.3,,51.94112573763051
3,2261000,Gdańsk,2016,3,2016Q3,2292.0,,2154.0,,110616.0,,51.353760445682454
3,2261000,Gdańsk,2016,4,2016Q4,1793.0,,1732.0,,94159.2,,54.364434180138566
3,2261000,Gdańsk,2017,1,2017Q1,1930.0,,1864.0,,99128.2,,53.180364806866955
3,2261000,Gdańsk,2017,2,2017Q2,2392.0,,2346.0,,126493.6,,53.91884057971015
3,2261000,Gdańsk,2017,3,2017Q3,2384.0,,2320.0,,129860.8,,55.97448275862069
3,2261000,Gdańsk,2017,4,2017Q4,2031.0,,2043.0,,106235.4,,51.99970631424376
3,2261000,Gdańsk,2018,1,2018Q1,2211.0,,2180.0,,115778.8,,53.10954128440367
3,2261000,Gdańsk,2018,2,2018Q2,2492.0,,2380.0,,126675.5,,53.225
3,2261000,Gdańsk,2018,3,2018Q3,2107.0,,2101.0,,110082.5,,52.39528795811518
3,2261000,Gdańsk,2018,4,2018Q4,3082.0,,3021.0,,156312.3,,51.741906653426014
3,2261000,Gdańsk,2019,1,2019Q1,2025.0,,1976.0,,103038.7,,52.14509109311741
3,2261000,Gdańsk,2019,2,2019Q2,2680.0,,2676.0,,139986.0,,52.31165919282511
3,2261000,Gdańsk,2019,3,2019Q3,2649.0,,2666.0,,139234.9,,52.226144036009
3,2261000,Gdańsk,2019,4,2019Q4,2604.0,,2660.0,,137294.5,,51.61447368421052
3,2261000,Gdańsk,2020,1,2020Q1,2040.0,,2059.0,,109037.7,,52.95662943176299
3,2261000,Gdańsk,2020,2,2020Q2,1846.0,,1863.0,,98647.2,,52.950724637681155
3,2261000,Gdańsk,2020,3,2020Q3,2170.0,,2183.0,,112162.1,,51.37979844251031
3,2261000,Gdańsk,2020,4,2020Q4,2350.0,,2370.0,,124792.9,,52.655232067510546
3,2261000,Gdańsk,2021,1,2021Q1,2664.0,,2683.0,,142643.8,,53.165784569511736
3,2261000,Gdańsk,2021,2,2021Q2,2533.0,,2540.0,,133457.1,,52.54216535433071
3,2261000,Gdańsk,2021,3,2021Q3,2108.0,,2160.0,,118555.0,,54.886574074074076
3,2261000,Gdańsk,2021,4,2021Q4,2288.0,,2316.0,,128784.5,,55.60643350604491
3,2261000,Gdańsk,2022,1,2022Q1,2022.0,,2030.0,,109259.6,,53.822463054187196
3,2261000,Gdańsk,2022,2,2022Q2,2470.0,,2491.0,,126939.1,,50.959092733841835
3,2261000,Gdańsk,2022,3,2022Q3,2216.0,,2237.0,,120912.7,,54.05127402771569
3,2261000,Gdańsk,2022,4,2022Q4,2421.0,,2428.0,,125288.7,,51.60160626029654
3,2261000,Gdańsk,2023,1,2023Q1,2351.0,,,x,,x,
3,2261000,Gdańsk,2023,2,2023Q2,,x,3316.0,,177842.1,,53.6315138721351
3,2261000,Gdańsk,2023,3,2023Q3,,x,2871.0,,154196.0,,53.70811563915012
3,2261000,Gdańsk,2023,4,2023Q4,,x,,x,,x,
3,2261000,Gdańsk,2024,1,2024Q1,3387.0,,3383.0,,180449.0,,53.33993496896246
3,2261000,Gdańsk,2024,2,2024Q2,2694.0,,2691.0,,145097.0,,53.91936083240431
3,2261000,Gdańsk,2024,3,2024Q3,2923.0,,2971.0,,156722.0,,52.75058902726355
3,2261000,Gdańsk,2024,4,2024Q4,981.0,,992.0,,53832.0,,54.266129032258064
4,2262000,Gdynia,2010,1,2010Q1,485.0,,435.0,,26182.5,,60.189655172413794
4,2262000,Gdynia,2010,2,2010Q2,570.0,,500.0,,28950.5,,57.901
4,2262000,Gdynia,2010,3,2010Q3,545.0,,494.0,,27990.7,,56.66133603238867
4,2262000,Gdynia,2010,4,2010Q4,736.0,,637.0,,38457.8,,60.37331240188384
4,2262000,Gdynia,2011,1,2011Q1,461.0,,421.0,,23583.2,,56.017102137767225
4,2262000,Gdynia,2011,2,2011Q2,567.0,,491.0,,28156.8,,57.345824847250505
4,2262000,Gdynia,2011,3,2011Q3,633.0,,556.0,,31917.5,,57.405575539568346
4,2262000,Gdynia,2011,4,2011Q4,740.0,,636.0,,38483.6,,60.50880503144654
4,2262000,Gdynia,2012,1,2012Q1,527.0,,430.0,,25026.2,,58.20046511627907
4,2262000,Gdynia,2012,2,2012Q2,461.0,,386.0,,22980.4,,59.53471502590674
4,2262000,Gdynia,2012,3,2012Q3,594.0,,491.0,,28008.3,,57.043380855397146
4,2262000,Gdynia,2012,4,2012Q4,748.0,,635.0,,36551.0,,57.560629921259846
4,2262000,Gdynia,2013,1,2013Q1,467.0,,422.0,,24989.4,,59.21658767772512
4,2262000,Gdynia,2013,2,2013Q2,519.0,,470.0,,26484.5,,56.35
4,2262000,Gdynia,2013,3,2013Q3,461.0,,418.0,,23901.7,,57.1811004784689
4,2262000,Gdynia,2013,4,2013Q4,797.0,,768.0,,44847.0,,58.39453125
4,2262000,Gdynia,2014,1,2014Q1,485.0,,445.0,,26776.3,,60.1714606741573
4,2262000,Gdynia,2014,2,2014Q2,605.0,,582.0,,34011.4,,58.43883161512028
4,2262000,Gdynia,2014,3,2014Q3,524.0,,493.0,,28285.3,,57.373833671399595
4,2262000,Gdynia,2014,4,2014Q4,615.0,,588.0,,34041.3,,57.89336734693878
4,2262000,Gdynia,2015,1,2015Q1,630.0,,609.0,,35624.4,,58.49655172413793
4,2262000,Gdynia,2015,2,2015Q2,518.0,,478.0,,27186.5,,56.8755230125523
4,2262000,Gdynia,2015,3,2015Q3,584.0,,533.0,,30725.0,,57.645403377110696
4,2262000,Gdynia,2015,4,2015Q4,615.0,,595.0,,33766.2,,56.74991596638655
4,2262000,Gdynia,2016,1,2016Q1,649.0,,632.0,,35104.9,,55.545727848101265
4,2262000,Gdynia,2016,2,2016Q2,663.0,,640.0,,38409.1,,60.01421875
4,2262000,Gdynia,2016,3,2016Q3,516.0,,479.0,,28587.8,,59.68225469728601
4,2262000,Gdynia,2016,4,2016Q4,187.0,,182.0,,9708.2,,53.34175824175824
4,2262000,Gdynia,2017,1,2017Q1,817.0,,796.0,,46527.2,,58.451256281407034
4,2262000,Gdynia,2017,2,2017Q2,669.0,,679.0,,39662.8,,58.41354933726068
4,2262000,Gdynia,2017,3,2017Q3,722.0,,726.0,,43880.4,,60.441322314049586
4,2262000,Gdynia,2017,4,2017Q4,706.0,,712.0,,42136.0,,59.17977528089887
4,2262000,Gdynia,2018,1,2018Q1,735.0,,748.0,,44372.1,,59.320989304812834
4,2262000,Gdynia,2018,2,2018Q2,687.0,,676.0,,40346.5,,59.68417159763314
4,2262000,Gdynia,2018,3,2018Q3,644.0,,646.0,,37611.1,,58.221517027863776
4,2262000,Gdynia,2018,4,2018Q4,905.0,,908.0,,54457.9,,59.975660792951544
4,2262000,Gdynia,2019,1,2019Q1,669.0,,678.0,,39685.8,,58.53362831858408
4,2262000,Gdynia,2019,2,2019Q2,717.0,,723.0,,44094.6,,60.98838174273859
4,2262000,Gdynia,2019,3,2019Q3,807.0,,815.0,,48047.6,,58.95411042944785
4,2262000,Gdynia,2019,4,2019Q4,646.0,,650.0,,38356.6,,59.01015384615384
4,2262000,Gdynia,2020,1,2020Q1,704.0,,712.0,,43303.5,,60.81952247191011
4,2262000,Gdynia,2020,2,2020Q2,592.0,,598.0,,33918.7,,56.72023411371237
4,2262000,Gdynia,2020,3,2020Q3,797.0,,801.0,,45408.4,,56.6896379525593
4,2262000,Gdynia,2020,4,2020Q4,935.0,,942.0,,55540.6,,58.96029723991507
4,2262000,Gdynia,2021,1,2021Q1,955.0,,976.0,,58807.2,,60.25327868852459
4,2262000,Gdynia,2021,2,2021Q2,1109.0,,1130.0,,64145.7,,56.766106194690266
4,2262000,Gdynia,2021,3,2021Q3,925.0,,940.0,,53686.3,,57.11308510638298
4,2262000,Gdynia,2021,4,2021Q4,928.0,,934.0,,51913.4,,55.581798715203426
4,2262000,Gdynia,2022,1,2022Q1,1113.0,,1135.0,,63194.9,,55.67832599118943
4,2262000,Gdynia,2022,2,2022Q2,1128.0,,1147.0,,65503.3,,57.108369659982564
4,2262000,Gdynia,2022,3,2022Q3,610.0,,622.0,,34691.4,,55.773954983922835
4,2262000,Gdynia,2022,4,2022Q4,540.0,,552.0,,31839.7,,57.680615942028986
4,2262000,Gdynia,2023,1,2023Q1,582.0,,,x,,x,
4,2262000,Gdynia,2023,2,2023Q2,,x,572.0,,30323.0,,53.01223776223776
4,2262000,Gdynia,2023,3,2023Q3,,x,717.0,,38724.0,,54.00836820083682
4,2262000,Gdynia,2023,4,2023Q4,,x,,x,,x,
4,2262000,Gdynia,2024,1,2024Q1,,x,872.0,,48815.0,,55.98050458715596
4,2262000,Gdynia,2024,2,2024Q2,,x,762.0,,43303.0,,56.82808398950131
4,2262000,Gdynia,2024,3,2024Q3,572.0,,572.0,,31128.0,,54.41958041958042
4,2262000,Gdynia,2024,4,2024Q4,,x,470.0,,25789.0,,54.87021276595745
5,2469000,Katowice,2010,1,2010Q1,137.0,,138.0,,7250.2,,52.53768115942029
5,2469000,Katowice,2010,2,2010Q2,166.0,,174.0,,9687.2,,55.67356321839081
5,2469000,Katowice,2010,3,2010Q3,148.0,,147.0,,8331.5,,56.67687074829932
5,2469000,Katowice,2010,4,2010Q4,222.0,,223.0,,12058.5,,54.073991031390136
5,2469000,Katowice,2011,1,2011Q1,247.0,,250.0,,13976.9,,55.907599999999995
5,2469000,Katowice,2011,2,2011Q2,242.0,,249.0,,13834.6,,55.560642570281125
5,2469000,Katowice,2011,3,2011Q3,229.0,,237.0,,12968.1,,54.71772151898735
5,2469000,Katowice,2011,4,2011Q4,231.0,,235.0,,13421.0,,57.11063829787234
5,2469000,Katowice,2012,1,2012Q1,229.0,,230.0,,11651.6,,50.65913043478261
5,2469000,Katowice,2012,2,2012Q2,222.0,,224.0,,12822.5,,57.24330357142857
5,2469000,Katowice,2012,3,2012Q3,233.0,,231.0,,12904.4,,55.86320346320346
5,2469000,Katowice,2012,4,2012Q4,220.0,,223.0,,11619.2,,52.10403587443947
5,2469000,Katowice,2013,1,2013Q1,232.0,,233.0,,12851.1,,55.154935622317595
5,2469000,Katowice,2013,2,2013Q2,252.0,,260.0,,14629.2,,56.26615384615385
5,2469000,Katowice,2013,3,2013Q3,248.0,,250.0,,13765.4,,55.0616
5,2469000,Katowice,2013,4,2013Q4,251.0,,253.0,,13378.1,,52.87786561264822
5,2469000,Katowice,2014,1,2014Q1,262.0,,270.0,,15307.6,,56.69481481481482
5,2469000,Katowice,2014,2,2014Q2,271.0,,275.0,,15037.0,,54.68
5,2469000,Katowice,2014,3,2014Q3,282.0,,283.0,,15299.1,,54.06042402826855
5,2469000,Katowice,2014,4,2014Q4,264.0,,276.0,,15233.5,,55.19384057971015
5,2469000,Katowice,2015,1,2015Q1,277.0,,276.0,,14749.7,,53.44094202898551
5,2469000,Katowice,2015,2,2015Q2,288.0,,294.0,,15847.3,,53.90238095238095
5,2469000,Katowice,2015,3,2015Q3,267.0,,266.0,,14627.5,,54.9906015037594
5,2469000,Katowice,2015,4,2015Q4,315.0,,317.0,,16547.9,,52.20157728706625
5,2469000,Katowice,2016,1,2016Q1,370.0,,374.0,,19555.9,,52.28850267379679
5,2469000,Katowice,2016,2,2016Q2,345.0,,350.0,,19634.6,,56.09885714285714
5,2469000,Katowice,2016,3,2016Q3,350.0,,373.0,,19451.2,,52.14798927613941
5,2469000,Katowice,2016,4,2016Q4,243.0,,252.0,,13711.5,,54.410714285714285
5,2469000,Katowice,2017,1,2017Q1,410.0,,416.0,,22203.8,,53.37451923076923
5,2469000,Katowice,2017,2,2017Q2,365.0,,365.0,,19148.2,,52.46082191780822
5,2469000,Katowice,2017,3,2017Q3,396.0,,419.0,,22872.8,,54.5890214797136
5,2469000,Katowice,2017,4,2017Q4,388.0,,410.0,,21202.9,,51.71439024390244
5,2469000,Katowice,2018,1,2018Q1,445.0,,450.0,,23991.5,,53.31444444444445
5,2469000,Katowice,2018,2,2018Q2,435.0,,456.0,,24070.3,,52.785745614035086
5,2469000,Katowice,2018,3,2018Q3,404.0,,406.0,,22094.1,,54.418965517241375
5,2469000,Katowice,2018,4,2018Q4,536.0,,564.0,,32053.6,,56.83262411347518
5,2469000,Katowice,2019,1,2019Q1,367.0,,387.0,,21454.0,,55.43669250645995
5,2469000,Katowice,2019,2,2019Q2,462.0,,463.0,,25842.5,,55.81533477321814
5,2469000,Katowice,2019,3,2019Q3,430.0,,443.0,,24614.1,,55.56230248306998
5,2469000,Katowice,2019,4,2019Q4,397.0,,414.0,,22994.6,,55.54251207729468
5,2469000,Katowice,2020,1,2020Q1,444.0,,446.0,,23109.1,,51.814125560538116
5,2469000,Katowice,2020,2,2020Q2,302.0,,306.0,,16977.7,,55.48267973856209
5,2469000,Katowice,2020,3,2020Q3,382.0,,385.0,,19796.9,,51.42051948051949
5,2469000,Katowice,2020,4,2020Q4,385.0,,394.0,,20715.9,,52.57842639593909
5,2469000,Katowice,2021,1,2021Q1,508.0,,516.0,,27000.0,,52.325581395348834
5,2469000,Katowice,2021,2,2021Q2,475.0,,483.0,,25220.9,,52.21718426501035
5,2469000,Katowice,2021,3,2021Q3,240.0,,240.0,,12799.7,,53.33208333333334
5,2469000,Katowice,2021,4,2021Q4,137.0,,140.0,,6703.7,,47.88357142857143
5,2469000,Katowice,2022,1,2022Q1,107.0,,106.0,,5216.4,,49.21132075471698
5,2469000,Katowice,2022,2,2022Q2,142.0,,142.0,,7372.5,,51.91901408450704
5,2469000,Katowice,2022,3,2022Q3,,x,,x,,x,
5,2469000,Katowice,2022,4,2022Q4,,x,,x,,x,
5,2469000,Katowice,2023,1,2023Q1,,x,851.0,,43378.0,,50.972972972972975
5,2469000,Katowice,2023,2,2023Q2,1051.0,,1025.0,,55507.0,,54.15317073170732
5,2469000,Katowice,2023,3,2023Q3,925.0,,937.0,,50251.0,,53.62966915688367
5,2469000,Katowice,2023,4,2023Q4,,x,1218.0,,65582.0,,53.8440065681445
5,2469000,Katowice,2024,1,2024Q1,1472.0,,1504.0,,80815.0,,53.733377659574465
5,2469000,Katowice,2024,2,2024Q2,1406.0,,1354.0,,70680.3,,52.201107828655836
5,2469000,Katowice,2024,3,2024Q3,1299.0,,1313.0,,67912.0,,51.722772277227726
5,2469000,Katowice,2024,4,2024Q4,1533.0,,1394.0,,74321.0,,53.31492109038737
6,2661000,Kielce,2010,1,2010Q1,156.0,,107.0,,5686.0,,53.14018691588785
6,2661000,Kielce,2010,2,2010Q2,128.0,,113.0,,5976.0,,52.88495575221239
6,2661000,Kielce,2010,3,2010Q3,137.0,,99.0,,5120.0,,51.717171717171716
6,2661000,Kielce,2010,4,2010Q4,108.0,,86.0,,4321.0,,50.24418604651163
6,2661000,Kielce,2011,1,2011Q1,119.0,,109.0,,5640.0,,51.74311926605505
6,2661000,Kielce,2011,2,2011Q2,83.0,,57.0,,2886.0,,50.63157894736842
6,2661000,Kielce,2011,3,2011Q3,179.0,,155.0,,7843.0,,50.6
6,2661000,Kielce,2011,4,2011Q4,34.0,,26.0,,1370.0,,52.69230769230769
6,2661000,Kielce,2012,1,2012Q1,327.0,,272.0,,14689.0,,54.00367647058823
6,2661000,Kielce,2012,2,2012Q2,221.0,,170.0,,8861.0,,52.12352941176471
6,2661000,Kielce,2012,3,2012Q3,322.0,,233.0,,12344.0,,52.97854077253219
6,2661000,Kielce,2012,4,2012Q4,326.0,,232.0,,12591.0,,54.27155172413793
6,2661000,Kielce,2013,1,2013Q1,224.0,,179.0,,8852.0,,49.452513966480446
6,2661000,Kielce,2013,2,2013Q2,357.0,,223.0,,11580.0,,51.92825112107624
6,2661000,Kielce,2013,3,2013Q3,368.0,,293.0,,15180.0,,51.80887372013652
6,2661000,Kielce,2013,4,2013Q4,526.0,,415.0,,21241.0,,51.18313253012048
6,2661000,Kielce,2014,1,2014Q1,278.0,,232.0,,12348.0,,53.224137931034484
6,2661000,Kielce,2014,2,2014Q2,266.0,,211.0,,11535.0,,54.66824644549763
6,2661000,Kielce,2014,3,2014Q3,291.0,,228.0,,11396.0,,49.98245614035088
6,2661000,Kielce,2014,4,2014Q4,391.0,,361.0,,18673.0,,51.72576177285318
6,2661000,Kielce,2015,1,2015Q1,345.0,,294.0,,15238.0,,51.82993197278912
6,2661000,Kielce,2015,2,2015Q2,268.0,,222.0,,11763.0,,52.986486486486484
6,2661000,Kielce,2015,3,2015Q3,288.0,,267.0,,14020.0,,52.50936329588015
6,2661000,Kielce,2015,4,2015Q4,545.0,,502.0,,26461.0,,52.711155378486055
6,2661000,Kielce,2016,1,2016Q1,407.0,,382.0,,19931.0,,52.175392670157066
6,2661000,Kielce,2016,2,2016Q2,513.0,,482.0,,24680.9,,51.2051867219917
6,2661000,Kielce,2016,3,2016Q3,360.0,,333.0,,15951.2,,47.90150150150151
6,2661000,Kielce,2016,4,2016Q4,130.0,,104.0,,5353.5,,51.47596153846154
6,2661000,Kielce,2017,1,2017Q1,360.0,,360.0,,19327.9,,53.688611111111115
6,2661000,Kielce,2017,2,2017Q2,361.0,,331.0,,16563.3,,50.04018126888217
6,2661000,Kielce,2017,3,2017Q3,333.0,,292.0,,14466.5,,49.542808219178085
6,2661000,Kielce,2017,4,2017Q4,337.0,,303.0,,14944.0,,49.320132013201324
6,2661000,Kielce,2018,1,2018Q1,477.0,,437.0,,21849.6,,49.99908466819222
6,2661000,Kielce,2018,2,2018Q2,441.0,,418.0,,22175.1,,53.05047846889952
6,2661000,Kielce,2018,3,2018Q3,439.0,,427.0,,21556.0,,50.48243559718969
6,2661000,Kielce,2018,4,2018Q4,400.0,,391.0,,20933.1,,53.53734015345268
6,2661000,Kielce,2019,1,2019Q1,391.0,,383.0,,19645.6,,51.29399477806788
6,2661000,Kielce,2019,2,2019Q2,590.0,,592.0,,31678.6,,53.51114864864864
6,2661000,Kielce,2019,3,2019Q3,631.0,,584.0,,30716.3,,52.59640410958904
6,2661000,Kielce,2019,4,2019Q4,203.0,,189.0,,10174.4,,53.83280423280423
6,2661000,Kielce,2020,1,2020Q1,659.0,,666.0,,37032.9,,55.604954954954955
6,2661000,Kielce,2020,2,2020Q2,384.0,,378.0,,20639.1,,54.60079365079365
6,2661000,Kielce,2020,3,2020Q3,798.0,,797.0,,41678.1,,52.29372647427854
6,2661000,Kielce,2020,4,2020Q4,321.0,,319.0,,17043.8,,53.42884012539185
6,2661000,Kielce,2021,1,2021Q1,494.0,,497.0,,26345.4,,53.008853118712274
6,2661000,Kielce,2021,2,2021Q2,918.0,,926.0,,49892.0,,53.879049676025915
6,2661000,Kielce,2021,3,2021Q3,492.0,,490.0,,25811.7,,52.67693877551021
6,2661000,Kielce,2021,4,2021Q4,192.0,,189.0,,9857.4,,52.15555555555555
6,2661000,Kielce,2022,1,2022Q1,525.0,,520.0,,27477.7,,52.84173076923077
6,2661000,Kielce,2022,2,2022Q2,529.0,,537.0,,29071.3,,54.1364990689013
6,2661000,Kielce,2022,3,2022Q3,430.0,,427.0,,22795.1,,53.38430913348946
6,2661000,Kielce,2022,4,2022Q4,487.0,,491.0,,24794.9,,50.49877800407332
6,2661000,Kielce,2023,1,2023Q1,564.0,,561.0,,28513.5,,50.82620320855615
6,2661000,Kielce,2023,2,2023Q2,581.0,,581.0,,28468.0,,48.99827882960413
6,2661000,Kielce,2023,3,2023Q3,,x,495.0,,23320.0,,47.111111111111114
6,2661000,Kielce,2023,4,2023Q4,,x,456.0,,23915.0,,52.44517543859649
6,2661000,Kielce,2024,1,2024Q1,,x,443.0,,22380.0,,50.519187358916476
6,2661000,Kielce,2024,2,2024Q2,,x,450.0,,23871.0,,53.04666666666667
6,2661000,Kielce,2024,3,2024Q3,,x,778.0,,39193.0,,50.376606683804624
6,2661000,Kielce,2024,4,2024Q4,557.0,,556.0,,28238.0,,50.78776978417266
7,1261000,Kraków,2010,1,2010Q1,2163.0,,2054.0,,108761.1,,52.950876338851025
7,1261000,Kraków,2010,2,2010Q2,2119.0,,1965.0,,106576.1,,54.23720101781171
7,1261000,Kraków,2010,3,2010Q3,2151.0,,1991.0,,105988.1,,53.233601205424414
7,1261000,Kraków,2010,4,2010Q4,2893.0,,2342.0,,125713.0,,53.677625960717336
7,1261000,Kraków,2011,1,2011Q1,1809.0,,1665.0,,89516.0,,53.76336336336336
7,1261000,Kraków,2011,2,2011Q2,1951.0,,1829.0,,96401.0,,52.70694368507381
7,1261000,Kraków,2011,3,2011Q3,2234.0,,1819.0,,95314.0,,52.39912039582188
7,1261000,Kraków,2011,4,2011Q4,2676.0,,1994.0,,104215.4,,52.264493480441324
7,1261000,Kraków,2012,1,2012Q1,1893.0,,1728.0,,89844.0,,51.99305555555556
7,1261000,Kraków,2012,2,2012Q2,2164.0,,1811.0,,95144.0,,52.53672004417449
7,1261000,Kraków,2012,3,2012Q3,1919.0,,1739.0,,92883.0,,53.411730879815984
7,1261000,Kraków,2012,4,2012Q4,2312.0,,1995.0,,103411.6,,51.83538847117795
7,1261000,Kraków,2013,1,2013Q1,2430.0,,2174.0,,112664.0,,51.823367065317385
7,1261000,Kraków,2013,2,2013Q2,2484.0,,2301.0,,122489.8,,53.23328987396784
7,1261000,Kraków,2013,3,2013Q3,2449.0,,2411.0,,123483.3,,51.21663210286189
7,1261000,Kraków,2013,4,2013Q4,3087.0,,2835.0,,147904.0,,52.170723104056435
7,1261000,Kraków,2014,1,2014Q1,2725.0,,2457.0,,128686.0,,52.37525437525438
7,1261000,Kraków,2014,2,2014Q2,2790.0,,2602.0,,134923.0,,51.85357417371253
7,1261000,Kraków,2014,3,2014Q3,2901.0,,2855.0,,145646.0,,51.01436077057793
7,1261000,Kraków,2014,4,2014Q4,3062.0,,2969.0,,151777.0,,51.12057931963624
7,1261000,Kraków,2015,1,2015Q1,2929.0,,2811.0,,143890.0,,51.18818925649235
7,1261000,Kraków,2015,2,2015Q2,2575.0,,2479.0,,127566.0,,51.45865268253328
7,1261000,Kraków,2015,3,2015Q3,2918.0,,2878.0,,143893.0,,49.99756775538568
7,1261000,Kraków,2015,4,2015Q4,2982.0,,2922.0,,150504.0,,51.507186858316224
7,1261000,Kraków,2016,1,2016Q1,3267.0,,3277.0,,173326.7,,52.891882819652125
7,1261000,Kraków,2016,2,2016Q2,3391.0,,3425.0,,174603.3,,50.979065693430655
7,1261000,Kraków,2016,3,2016Q3,2413.0,,2440.0,,126201.9,,51.722090163934425
7,1261000,Kraków,2016,4,2016Q4,1779.0,,1818.0,,91966.5,,50.586633663366335
7,1261000,Kraków,2017,1,2017Q1,3790.0,,3727.0,,188477.3,,50.570780788838206
7,1261000,Kraków,2017,2,2017Q2,3303.0,,3274.0,,164562.4,,50.263408674404396
7,1261000,Kraków,2017,3,2017Q3,2640.0,,2677.0,,133382.2,,49.82525214792679
7,1261000,Kraków,2017,4,2017Q4,812.0,,824.0,,44271.6,,53.727669902912616
7,1261000,Kraków,2018,1,2018Q1,3595.0,,3648.0,,182501.0,,50.027686403508774
7,1261000,Kraków,2018,2,2018Q2,3106.0,,3133.0,,157957.2,,50.417235876157044
7,1261000,Kraków,2018,3,2018Q3,2933.0,,2963.0,,149445.2,,50.437124535943305
7,1261000,Kraków,2018,4,2018Q4,1809.0,,1841.0,,92017.2,,49.98218359587181
7,1261000,Kraków,2019,1,2019Q1,3918.0,,3954.0,,202801.2,,51.29013657056146
7,1261000,Kraków,2019,2,2019Q2,3834.0,,3949.0,,198125.4,,50.17103064066852
7,1261000,Kraków,2019,3,2019Q3,3455.0,,3476.0,,175646.5,,50.53121403912543
7,1261000,Kraków,2019,4,2019Q4,1764.0,,1784.0,,94651.8,,53.055941704035874
7,1261000,Kraków,2020,1,2020Q1,3107.0,,3147.0,,159823.3,,50.78592310136638
7,1261000,Kraków,2020,2,2020Q2,2918.0,,2946.0,,151875.1,,51.55298710115411
7,1261000,Kraków,2020,3,2020Q3,2911.0,,2947.0,,152683.4,,51.809772650152695
7,1261000,Kraków,2020,4,2020Q4,2528.0,,2536.0,,134029.4,,52.85070977917981
7,1261000,Kraków,2021,1,2021Q1,3795.0,,3807.0,,198319.4,,52.09335434725506
7,1261000,Kraków,2021,2,2021Q2,4689.0,,4792.0,,251467.4,,52.476502504173624
7,1261000,Kraków,2021,3,2021Q3,3735.0,,3761.0,,196288.9,,52.190614198351504
7,1261000,Kraków,2021,4,2021Q4,3190.0,,3206.0,,168710.1,,52.62323767935122
7,1261000,Kraków,2022,1,2022Q1,3743.0,,3795.0,,198591.2,,52.329696969696975
7,1261000,Kraków,2022,2,2022Q2,4358.0,,4459.0,,230598.5,,51.715294909172464
7,1261000,Kraków,2022,3,2022Q3,3683.0,,3722.0,,192349.1,,51.678962923159595
7,1261000,Kraków,2022,4,2022Q4,3769.0,,3974.0,,205238.0,,51.64519375943634
7,1261000,Kraków,2023,1,2023Q1,3777.0,,3782.0,,197925.9,,52.333659439450024
7,1261000,Kraków,2023,2,2023Q2,,x,3529.0,,182293.0,,51.65570983281383
7,1261000,Kraków,2023,3,2023Q3,4439.0,,4583.0,,236463.0,,51.59567968579533
7,1261000,Kraków,2023,4,2023Q4,4540.0,,4578.0,,239061.0,,52.21952817824378
7,1261000,Kraków,2024,1,2024Q1,4660.0,,4679.0,,244798.0,,52.31844411198974
7,1261000,Kraków,2024,2,2024Q2,3508.0,,3530.0,,185812.1,,52.637988668555245
7,1261000,Kraków,2024,3,2024Q3,3142.0,,3206.0,,169066.7,,52.734466625077985
7,1261000,Kraków,2024,4,2024Q4,3460.0,,3705.0,,190074.0,,51.30202429149798
8,0663000,Lublin,2010,1,2010Q1,471.0,,471.0,,26477.2,,56.214861995753715
8,0663000,Lublin,2010,2,2010Q2,355.0,,355.0,,19234.0,,54.180281690140845
8,0663000,Lublin,2010,3,2010Q3,501.0,,501.0,,26894.4,,53.68143712574851
8,0663000,Lublin,2010,4,2010Q4,318.0,,312.0,,17227.9,,55.21762820512821
8,0663000,Lublin,2011,1,2011Q1,456.0,,440.0,,23347.4,,53.06227272727273
8,0663000,Lublin,2011,2,2011Q2,241.0,,238.0,,12819.7,,53.864285714285714
8,0663000,Lublin,2011,3,2011Q3,423.0,,422.0,,22587.2,,53.52417061611374
8,0663000,Lublin,2011,4,2011Q4,232.0,,232.0,,13045.2,,56.22931034482759
8,0663000,Lublin,2012,1,2012Q1,662.0,,662.0,,35349.3,,53.397734138972815
8,0663000,Lublin,2012,2,2012Q2,239.0,,239.0,,12960.9,,54.22970711297071
8,0663000,Lublin,2012,3,2012Q3,553.0,,553.0,,30092.8,,54.41735985533454
8,0663000,Lublin,2012,4,2012Q4,317.0,,312.0,,17049.4,,54.64551282051283
8,0663000,Lublin,2013,1,2013Q1,351.0,,351.0,,18457.6,,52.58575498575498
8,0663000,Lublin,2013,2,2013Q2,411.0,,411.0,,22847.0,,55.58880778588808
8,0663000,Lublin,2013,3,2013Q3,566.0,,566.0,,29713.8,,52.49787985865724
8,0663000,Lublin,2013,4,2013Q4,500.0,,500.0,,26542.1,,53.084199999999996
8,0663000,Lublin,2014,1,2014Q1,372.0,,372.0,,21323.0,,57.31989247311828
8,0663000,Lublin,2014,2,2014Q2,331.0,,331.0,,18265.0,,55.181268882175225
8,0663000,Lublin,2014,3,2014Q3,243.0,,242.0,,13366.4,,55.23305785123967
8,0663000,Lublin,2014,4,2014Q4,386.0,,386.0,,20251.3,,52.464507772020724
8,0663000,Lublin,2015,1,2015Q1,686.0,,687.0,,36803.5,,53.57132459970888
8,0663000,Lublin,2015,2,2015Q2,498.0,,497.0,,26556.2,,53.432997987927564
8,0663000,Lublin,2015,3,2015Q3,500.0,,500.0,,26793.2,,53.586400000000005
8,0663000,Lublin,2015,4,2015Q4,782.0,,782.0,,42743.4,,54.65907928388747
8,0663000,Lublin,2016,1,2016Q1,839.0,,849.0,,46725.4,,55.03580683156655
8,0663000,Lublin,2016,2,2016Q2,759.0,,777.0,,41347.2,,53.21389961389961
8,0663000,Lublin,2016,3,2016Q3,578.0,,582.0,,30358.9,,52.16305841924399
8,0663000,Lublin,2016,4,2016Q4,771.0,,779.0,,41182.0,,52.86521181001284
8,0663000,Lublin,2017,1,2017Q1,1021.0,,1040.0,,54236.9,,52.150865384615386
8,0663000,Lublin,2017,2,2017Q2,837.0,,841.0,,44538.1,,52.95850178359096
8,0663000,Lublin,2017,3,2017Q3,798.0,,832.0,,43214.5,,51.94050480769231
8,0663000,Lublin,2017,4,2017Q4,746.0,,774.0,,39566.0,,51.11886304909561
8,0663000,Lublin,2018,1,2018Q1,1458.0,,1473.0,,78722.1,,53.44338085539715
8,0663000,Lublin,2018,2,2018Q2,1287.0,,1297.0,,69735.1,,53.76646106399384
8,0663000,Lublin,2018,3,2018Q3,895.0,,901.0,,46925.5,,52.08157602663707
8,0663000,Lublin,2018,4,2018Q4,951.0,,959.0,,52778.0,,55.034410844629825
8,0663000,Lublin,2019,1,2019Q1,1139.0,,1153.0,,62129.4,,53.884995663486556
8,0663000,Lublin,2019,2,2019Q2,1358.0,,1370.0,,72666.3,,53.04109489051095
8,0663000,Lublin,2019,3,2019Q3,1028.0,,1043.0,,55825.5,,53.52396931927133
8,0663000,Lublin,2019,4,2019Q4,769.0,,777.0,,41165.1,,52.97953667953668
8,0663000,Lublin,2020,1,2020Q1,902.0,,909.0,,49470.4,,54.42288228822883
8,0663000,Lublin,2020,2,2020Q2,1045.0,,1075.0,,55897.4,,51.99758139534884
8,0663000,Lublin,2020,3,2020Q3,1154.0,,1184.0,,60762.9,,51.320016891891896
8,0663000,Lublin,2020,4,2020Q4,1384.0,,1512.0,,74493.4,,49.26812169312169
8,0663000,Lublin,2021,1,2021Q1,1364.0,,1390.0,,70345.8,,50.608489208633095
8,0663000,Lublin,2021,2,2021Q2,1194.0,,1227.0,,63659.5,,51.88223308883455
8,0663000,Lublin,2021,3,2021Q3,1267.0,,1293.0,,67158.1,,51.93975251353442
8,0663000,Lublin,2021,4,2021Q4,1273.0,,1296.0,,68909.6,,53.17098765432099
8,0663000,Lublin,2022,1,2022Q1,861.0,,880.0,,46196.4,,52.495909090909095
8,0663000,Lublin,2022,2,2022Q2,800.0,,814.0,,41409.0,,50.87100737100737
8,0663000,Lublin,2022,3,2022Q3,1043.0,,1046.0,,54600.1,,52.198948374760995
8,0663000,Lublin,2022,4,2022Q4,1045.0,,1095.0,,58754.7,,53.6572602739726
8,0663000,Lublin,2023,1,2023Q1,1325.0,,1358.0,,68216.0,,50.232695139911634
8,0663000,Lublin,2023,2,2023Q2,,x,1427.0,,71020.0,,49.7687456201822
8,0663000,Lublin,2023,3,2023Q3,,x,1196.0,,60440.0,,50.53511705685619
8,0663000,Lublin,2023,4,2023Q4,1528.0,,1583.0,,83435.0,,52.70688566013898
8,0663000,Lublin,2024,1,2024Q1,,x,1478.0,,76409.0,,51.697564276048716
8,0663000,Lublin,2024,2,2024Q2,,x,1474.0,,74511.0,,50.55020352781547
8,0663000,Lublin,2024,3,2024Q3,1600.0,,1662.0,,83445.0,,50.207581227436826
8,0663000,Lublin,2024,4,2024Q4,981.0,,1030.0,,53468.0,,51.91067961165049
9,2862000,Olsztyn,2010,1,2010Q1,423.0,,379.0,,18587.4,,49.04327176781003
9,2862000,Olsztyn,2010,2,2010Q2,508.0,,438.0,,20140.0,,45.981735159817354
9,2862000,Olsztyn,2010,3,2010Q3,426.0,,357.0,,18452.1,,51.686554621848735
9,2862000,Olsztyn,2010,4,2010Q4,527.0,,464.0,,22695.3,,48.91228448275862
9,2862000,Olsztyn,2011,1,2011Q1,351.0,,311.0,,15685.0,,50.434083601286176
9,2862000,Olsztyn,2011,2,2011Q2,344.0,,304.0,,15736.2,,51.76381578947369
9,2862000,Olsztyn,2011,3,2011Q3,474.0,,429.0,,20989.1,,48.92564102564102
9,2862000,Olsztyn,2011,4,2011Q4,647.0,,594.0,,30961.0,,52.122895622895626
9,2862000,Olsztyn,2012,1,2012Q1,457.0,,428.0,,20811.0,,48.623831775700936
9,2862000,Olsztyn,2012,2,2012Q2,367.0,,302.0,,15943.1,,52.79172185430464
9,2862000,Olsztyn,2012,3,2012Q3,473.0,,381.0,,18373.8,,48.2251968503937
9,2862000,Olsztyn,2012,4,2012Q4,738.0,,616.0,,30967.6,,50.27207792207792
9,2862000,Olsztyn,2013,1,2013Q1,613.0,,492.0,,24130.3,,49.045325203252034
9,2862000,Olsztyn,2013,2,2013Q2,655.0,,437.0,,22194.7,,50.78878718535469
9,2862000,Olsztyn,2013,3,2013Q3,509.0,,437.0,,22034.1,,50.42128146453089
9,2862000,Olsztyn,2013,4,2013Q4,535.0,,478.0,,24814.5,,51.91317991631799
9,2862000,Olsztyn,2014,1,2014Q1,473.0,,428.0,,21376.8,,49.94579439252336
9,2862000,Olsztyn,2014,2,2014Q2,507.0,,467.0,,23945.9,,51.276017130620986
9,2862000,Olsztyn,2014,3,2014Q3,436.0,,404.0,,20868.8,,51.65544554455445
9,2862000,Olsztyn,2014,4,2014Q4,597.0,,565.0,,27804.9,,49.21221238938053
9,2862000,Olsztyn,2015,1,2015Q1,501.0,,462.0,,23953.1,,51.846536796536796
9,2862000,Olsztyn,2015,2,2015Q2,461.0,,444.0,,22601.8,,50.90495495495495
9,2862000,Olsztyn,2015,3,2015Q3,394.0,,362.0,,18040.9,,49.83674033149172
9,2862000,Olsztyn,2015,4,2015Q4,555.0,,536.0,,28367.6,,52.92462686567164
9,2862000,Olsztyn,2016,1,2016Q1,415.0,,392.0,,19610.7,,50.02729591836735
9,2862000,Olsztyn,2016,2,2016Q2,481.0,,453.0,,24050.4,,53.091390728476824
9,2862000,Olsztyn,2016,3,2016Q3,329.0,,307.0,,15775.9,,51.387296416938106
9,2862000,Olsztyn,2016,4,2016Q4,322.0,,298.0,,15835.6,,53.13959731543624
9,2862000,Olsztyn,2017,1,2017Q1,577.0,,550.0,,28587.5,,51.97727272727273
9,2862000,Olsztyn,2017,2,2017Q2,495.0,,464.0,,24360.0,,52.5
9,2862000,Olsztyn,2017,3,2017Q3,439.0,,419.0,,22088.4,,52.71694510739857
9,2862000,Olsztyn,2017,4,2017Q4,638.0,,609.0,,32345.7,,53.1128078817734
9,2862000,Olsztyn,2018,1,2018Q1,490.0,,453.0,,23528.1,,51.938410596026486
9,2862000,Olsztyn,2018,2,2018Q2,536.0,,508.0,,26656.2,,52.472834645669295
9,2862000,Olsztyn,2018,3,2018Q3,518.0,,489.0,,25612.3,,52.37689161554192
9,2862000,Olsztyn,2018,4,2018Q4,579.0,,534.0,,28510.6,,53.39063670411985
9,2862000,Olsztyn,2019,1,2019Q1,601.0,,595.0,,29659.8,,49.84840336134454
9,2862000,Olsztyn,2019,2,2019Q2,485.0,,478.0,,24312.7,,50.86338912133891
9,2862000,Olsztyn,2019,3,2019Q3,569.0,,559.0,,28223.3,,50.48890876565295
9,2862000,Olsztyn,2019,4,2019Q4,498.0,,500.0,,26847.5,,53.695
9,2862000,Olsztyn,2020,1,2020Q1,644.0,,623.0,,32647.3,,52.40337078651685
9,2862000,Olsztyn,2020,2,2020Q2,464.0,,456.0,,23619.5,,51.79714912280702
9,2862000,Olsztyn,2020,3,2020Q3,643.0,,634.0,,32485.1,,51.238328075709774
9,2862000,Olsztyn,2020,4,2020Q4,412.0,,408.0,,21528.7,,52.76642156862745
9,2862000,Olsztyn,2021,1,2021Q1,636.0,,612.0,,33375.4,,54.53496732026144
9,2862000,Olsztyn,2021,2,2021Q2,759.0,,748.0,,38767.1,,51.827673796791444
9,2862000,Olsztyn,2021,3,2021Q3,630.0,,607.0,,32111.0,,52.90115321252059
9,2862000,Olsztyn,2021,4,2021Q4,559.0,,552.0,,30906.5,,55.990036231884055
9,2862000,Olsztyn,2022,1,2022Q1,556.0,,535.0,,27596.6,,51.58242990654205
9,2862000,Olsztyn,2022,2,2022Q2,602.0,,577.0,,29878.3,,51.78214904679376
9,2862000,Olsztyn,2022,3,2022Q3,571.0,,585.0,,29965.9,,51.22376068376069
9,2862000,Olsztyn,2022,4,2022Q4,581.0,,576.0,,30406.8,,52.78958333333333
9,2862000,Olsztyn,2023,1,2023Q1,540.0,,552.0,,28050.0,,50.81521739130435
9,2862000,Olsztyn,2023,2,2023Q2,505.0,,504.0,,25552.0,,50.698412698412696
9,2862000,Olsztyn,2023,3,2023Q3,681.0,,667.0,,33350.0,,50.0
9,2862000,Olsztyn,2023,4,2023Q4,660.0,,649.0,,35211.0,,54.25423728813559
9,2862000,Olsztyn,2024,1,2024Q1,800.0,,784.0,,41044.0,,52.35204081632653
9,2862000,Olsztyn,2024,2,2024Q2,585.0,,575.0,,29562.0,,51.412173913043475
9,2862000,Olsztyn,2024,3,2024Q3,616.0,,602.0,,30885.0,,51.30398671096346
9,2862000,Olsztyn,2024,4,2024Q4,695.0,,685.0,,35009.0,,51.10802919708029
10,1661000,Opole,2010,1,2010Q1,166.0,,128.0,,6579.1,,51.39921875
10,1661000,Opole,2010,2,2010Q2,305.0,,289.0,,15142.1,,52.39480968858132
10,1661000,Opole,2010,3,2010Q3,341.0,,312.0,,16353.9,,52.416346153846156
10,1661000,Opole,2010,4,2010Q4,247.0,,209.0,,11340.8,,54.2622009569378
10,1661000,Opole,2011,1,2011Q1,164.0,,138.0,,6822.3,,49.436956521739134
10,1661000,Opole,2011,2,2011Q2,214.0,,177.0,,9007.6,,50.89039548022599
10,1661000,Opole,2011,3,2011Q3,193.0,,171.0,,8981.3,,52.52222222222222
10,1661000,Opole,2011,4,2011Q4,277.0,,261.0,,13891.7,,53.22490421455939
10,1661000,Opole,2012,1,2012Q1,249.0,,201.0,,10879.2,,54.12537313432836
10,1661000,Opole,2012,2,2012Q2,219.0,,163.0,,9055.7,,55.556441717791415
10,1661000,Opole,2012,3,2012Q3,249.0,,195.0,,10486.3,,53.775897435897434
10,1661000,Opole,2012,4,2012Q4,242.0,,193.0,,9967.3,,51.644041450777195
10,1661000,Opole,2013,1,2013Q1,221.0,,176.0,,9801.0,,55.6875
10,1661000,Opole,2013,2,2013Q2,227.0,,170.0,,8903.4,,52.37294117647058
10,1661000,Opole,2013,3,2013Q3,250.0,,196.0,,10343.7,,52.773979591836735
10,1661000,Opole,2013,4,2013Q4,327.0,,251.0,,13799.6,,54.97848605577689
10,1661000,Opole,2014,1,2014Q1,296.0,,234.0,,12397.3,,52.979914529914524
10,1661000,Opole,2014,2,2014Q2,277.0,,242.0,,12829.1,,53.012809917355376
10,1661000,Opole,2014,3,2014Q3,218.0,,169.0,,9315.9,,55.12366863905325
10,1661000,Opole,2014,4,2014Q4,280.0,,238.0,,13402.2,,56.311764705882354
10,1661000,Opole,2015,1,2015Q1,246.0,,211.0,,11488.3,,54.44691943127962
10,1661000,Opole,2015,2,2015Q2,195.0,,175.0,,9587.5,,54.785714285714285
10,1661000,Opole,2015,3,2015Q3,245.0,,201.0,,10852.7,,53.99353233830846
10,1661000,Opole,2015,4,2015Q4,360.0,,254.0,,13798.8,,54.3259842519685
10,1661000,Opole,2016,1,2016Q1,271.0,,236.0,,12852.6,,54.46016949152543
10,1661000,Opole,2016,2,2016Q2,326.0,,289.0,,15373.5,,53.19550173010381
10,1661000,Opole,2016,3,2016Q3,242.0,,200.0,,10181.1,,50.9055
10,1661000,Opole,2016,4,2016Q4,208.0,,190.0,,10472.9,,55.12052631578947
10,1661000,Opole,2017,1,2017Q1,254.0,,251.0,,13750.9,,54.78446215139442
10,1661000,Opole,2017,2,2017Q2,253.0,,252.0,,14222.8,,56.439682539682536
10,1661000,Opole,2017,3,2017Q3,224.0,,221.0,,12033.4,,54.4497737556561
10,1661000,Opole,2017,4,2017Q4,307.0,,301.0,,16931.4,,56.250498338870436
10,1661000,Opole,2018,1,2018Q1,393.0,,396.0,,21134.6,,53.370202020202015
10,1661000,Opole,2018,2,2018Q2,328.0,,328.0,,18249.9,,55.63993902439025
10,1661000,Opole,2018,3,2018Q3,300.0,,298.0,,16053.5,,53.87080536912752
10,1661000,Opole,2018,4,2018Q4,310.0,,309.0,,17139.9,,55.46893203883496
10,1661000,Opole,2019,1,2019Q1,297.0,,297.0,,16394.7,,55.201010101010105
10,1661000,Opole,2019,2,2019Q2,339.0,,340.0,,19484.8,,57.308235294117644
10,1661000,Opole,2019,3,2019Q3,315.0,,310.0,,17041.5,,54.97258064516129
10,1661000,Opole,2019,4,2019Q4,417.0,,413.0,,22930.6,,55.52203389830508
10,1661000,Opole,2020,1,2020Q1,598.0,,595.0,,31322.3,,52.64252100840336
10,1661000,Opole,2020,2,2020Q2,318.0,,325.0,,18133.8,,55.79630769230769
10,1661000,Opole,2020,3,2020Q3,425.0,,421.0,,24172.6,,57.417102137767216
10,1661000,Opole,2020,4,2020Q4,371.0,,366.0,,21628.7,,59.0948087431694
10,1661000,Opole,2021,1,2021Q1,389.0,,389.0,,22390.7,,57.559640102827764
10,1661000,Opole,2021,2,2021Q2,371.0,,372.0,,22038.8,,59.244086021505375
10,1661000,Opole,2021,3,2021Q3,368.0,,372.0,,20727.1,,55.718010752688166
10,1661000,Opole,2021,4,2021Q4,383.0,,377.0,,21122.0,,56.02652519893899
10,1661000,Opole,2022,1,2022Q1,539.0,,540.0,,29464.0,,54.56296296296296
10,1661000,Opole,2022,2,2022Q2,406.0,,407.0,,23238.3,,57.0965601965602
10,1661000,Opole,2022,3,2022Q3,371.0,,366.0,,21207.1,,57.942896174863385
10,1661000,Opole,2022,4,2022Q4,371.0,,369.0,,20994.4,,56.895392953929544
10,1661000,Opole,2023,1,2023Q1,371.0,,385.0,,20210.0,,52.493506493506494
10,1661000,Opole,2023,2,2023Q2,,x,349.0,,18018.0,,51.627507163323784
10,1661000,Opole,2023,3,2023Q3,,x,299.0,,16940.0,,56.65551839464883
10,1661000,Opole,2023,4,2023Q4,345.0,,340.0,,19637.0,,57.75588235294118
10,1661000,Opole,2024,1,2024Q1,331.0,,333.0,,17664.0,,53.04504504504504
10,1661000,Opole,2024,2,2024Q2,382.0,,378.0,,21044.0,,55.67195767195767
10,1661000,Opole,2024,3,2024Q3,412.0,,412.0,,21775.0,,52.851941747572816
10,1661000,Opole,2024,4,2024Q4,374.0,,377.0,,19579.0,,51.93368700265252
11,3064000,Poznań,2010,1,2010Q1,1207.0,,1065.0,,58281.7,,54.724600938967136
11,3064000,Poznań,2010,2,2010Q2,1449.0,,1171.0,,63159.7,,53.93654995730145
11,3064000,Poznań,2010,3,2010Q3,1431.0,,1195.0,,64736.0,,54.17238493723849
11,3064000,Poznań,2010,4,2010Q4,1336.0,,1022.0,,57111.0,,55.88160469667319
11,3064000,Poznań,2011,1,2011Q1,1184.0,,987.0,,53803.6,,54.512259371833835
11,3064000,Poznań,2011,2,2011Q2,1345.0,,1131.0,,62258.9,,55.04765694076039
11,3064000,Poznań,2011,3,2011Q3,1166.0,,1018.0,,54681.5,,53.71463654223969
11,3064000,Poznań,2011,4,2011Q4,1346.0,,1268.0,,67772.9,,53.44865930599369
11,3064000,Poznań,2012,1,2012Q1,1184.0,,1059.0,,57701.8,,54.48706326723324
11,3064000,Poznań,2012,2,2012Q2,1139.0,,923.0,,49633.4,,53.77399783315276
11,3064000,Poznań,2012,3,2012Q3,1474.0,,1391.0,,74185.2,,53.332278936017254
11,3064000,Poznań,2012,4,2012Q4,1480.0,,1307.0,,67549.9,,51.683167559296095
11,3064000,Poznań,2013,1,2013Q1,1132.0,,1035.0,,54257.1,,52.422318840579706
11,3064000,Poznań,2013,2,2013Q2,1273.0,,1236.0,,65068.4,,52.64433656957929
11,3064000,Poznań,2013,3,2013Q3,1464.0,,1466.0,,77975.9,,53.189563437926324
11,3064000,Poznań,2013,4,2013Q4,1235.0,,1223.0,,65228.0,,53.33442354865086
11,3064000,Poznań,2014,1,2014Q1,1170.0,,1108.0,,57444.9,,51.84557761732852
11,3064000,Poznań,2014,2,2014Q2,1253.0,,1257.0,,66098.0,,52.58392999204455
11,3064000,Poznań,2014,3,2014Q3,1648.0,,1589.0,,83574.5,,52.595657646318436
11,3064000,Poznań,2014,4,2014Q4,1316.0,,1305.0,,69789.2,,53.478314176245206
11,3064000,Poznań,2015,1,2015Q1,1213.0,,1205.0,,63312.0,,52.54107883817427
11,3064000,Poznań,2015,2,2015Q2,1400.0,,1450.0,,76007.5,,52.41896551724138
11,3064000,Poznań,2015,3,2015Q3,1410.0,,1367.0,,70612.8,,51.65530358449159
11,3064000,Poznań,2015,4,2015Q4,1794.0,,1835.0,,95107.7,,51.829809264305176
11,3064000,Poznań,2016,1,2016Q1,1688.0,,1667.0,,86828.5,,52.08668266346731
11,3064000,Poznań,2016,2,2016Q2,1724.0,,1770.0,,92820.6,,52.44101694915255
11,3064000,Poznań,2016,3,2016Q3,1473.0,,1497.0,,78975.5,,52.7558450233801
11,3064000,Poznań,2016,4,2016Q4,1185.0,,1181.0,,62255.1,,52.71388653683319
11,3064000,Poznań,2017,1,2017Q1,1616.0,,1624.0,,87688.0,,53.995073891625616
11,3064000,Poznań,2017,2,2017Q2,1635.0,,1601.0,,83501.0,,52.155527795128044
11,3064000,Poznań,2017,3,2017Q3,1628.0,,1673.0,,89039.4,,53.221398684997006
11,3064000,Poznań,2017,4,2017Q4,1573.0,,1620.0,,83228.8,,51.375802469135806
11,3064000,Poznań,2018,1,2018Q1,2121.0,,2177.0,,115484.1,,53.04735875057419
11,3064000,Poznań,2018,2,2018Q2,1872.0,,1931.0,,103519.9,,53.60947695494562
11,3064000,Poznań,2018,3,2018Q3,1793.0,,1843.0,,98865.3,,53.64367878459034
11,3064000,Poznań,2018,4,2018Q4,1550.0,,1587.0,,84912.0,,53.50472589792061
11,3064000,Poznań,2019,1,2019Q1,1650.0,,1690.0,,87541.6,,51.79976331360947
11,3064000,Poznań,2019,2,2019Q2,1140.0,,1177.0,,62869.7,,53.41520815632965
11,3064000,Poznań,2019,3,2019Q3,617.0,,633.0,,32920.3,,52.00679304897315
11,3064000,Poznań,2019,4,2019Q4,136.0,,144.0,,7791.9,,54.110416666666666
11,3064000,Poznań,2020,1,2020Q1,1628.0,,1659.0,,91396.1,,55.09107896323086
11,3064000,Poznań,2020,2,2020Q2,1583.0,,1610.0,,84578.0,,52.53291925465839
11,3064000,Poznań,2020,3,2020Q3,805.0,,814.0,,42600.2,,52.33439803439803
11,3064000,Poznań,2020,4,2020Q4,447.0,,446.0,,22967.8,,51.497309417040356
11,3064000,Poznań,2021,1,2021Q1,2358.0,,2403.0,,128555.4,,53.49787765293383
11,3064000,Poznań,2021,2,2021Q2,1587.0,,1625.0,,86670.0,,53.33538461538461
11,3064000,Poznań,2021,3,2021Q3,1559.0,,1592.0,,81098.6,,50.94133165829146
11,3064000,Poznań,2021,4,2021Q4,761.0,,762.0,,39305.8,,51.58241469816274
11,3064000,Poznań,2022,1,2022Q1,2852.0,,2937.0,,158757.0,,54.054136874361596
11,3064000,Poznań,2022,2,2022Q2,2194.0,,2219.0,,120202.8,,54.16980621901757
11,3064000,Poznań,2022,3,2022Q3,2082.0,,2122.0,,119597.3,,56.36065032987747
11,3064000,Poznań,2022,4,2022Q4,1970.0,,1976.0,,106538.6,,53.91629554655871
11,3064000,Poznań,2023,1,2023Q1,1847.0,,1855.0,,96258.9,,51.891590296495956
11,3064000,Poznań,2023,2,2023Q2,2157.0,,2206.0,,117473.3,,53.25172257479601
11,3064000,Poznań,2023,3,2023Q3,2175.0,,2211.0,,119926.0,,54.24061510628675
11,3064000,Poznań,2023,4,2023Q4,2343.0,,2408.0,,127767.9,,53.05975913621262
11,3064000,Poznań,2024,1,2024Q1,2723.0,,2767.0,,145248.6,,52.49316949765089
11,3064000,Poznań,2024,2,2024Q2,2241.0,,2256.0,,122067.3,,54.10784574468085
11,3064000,Poznań,2024,3,2024Q3,1904.0,,1989.0,,102353.9,,51.459979889391654
11,3064000,Poznań,2024,4,2024Q4,2715.0,,2732.0,,145629.5,,53.3050878477306
12,1863000,Rzeszów,2010,1,2010Q1,69.0,,55.0,,3681.0,,66.92727272727272
12,1863000,Rzeszów,2010,2,2010Q2,0.0,,0.0,,0.0,,
12,1863000,Rzeszów,2010,3,2010Q3,,x,,x,,x,
12,1863000,Rzeszów,2010,4,2010Q4,53.0,,52.0,,2697.0,,51.86538461538461
12,1863000,Rzeszów,2011,1,2011Q1,62.0,,49.0,,2597.0,,53.0
12,1863000,Rzeszów,2011,2,2011Q2,59.0,,47.0,,2254.0,,47.95744680851064
12,1863000,Rzeszów,2011,3,2011Q3,69.0,,55.0,,2976.0,,54.10909090909091
12,1863000,Rzeszów,2011,4,2011Q4,225.0,,168.0,,8610.0,,51.25
12,1863000,Rzeszów,2012,1,2012Q1,421.0,,358.0,,20017.0,,55.91340782122905
12,1863000,Rzeszów,2012,2,2012Q2,220.0,,198.0,,10442.0,,52.73737373737374
12,1863000,Rzeszów,2012,3,2012Q3,234.0,,205.0,,11170.0,,54.48780487804878
12,1863000,Rzeszów,2012,4,2012Q4,256.0,,230.0,,12432.0,,54.052173913043475
12,1863000,Rzeszów,2013,1,2013Q1,390.0,,383.0,,21238.0,,55.45169712793734
12,1863000,Rzeszów,2013,2,2013Q2,371.0,,362.0,,18251.0,,50.4171270718232
12,1863000,Rzeszów,2013,3,2013Q3,301.0,,272.0,,13908.0,,51.13235294117647
12,1863000,Rzeszów,2013,4,2013Q4,231.0,,198.0,,9875.0,,49.87373737373738
12,1863000,Rzeszów,2014,1,2014Q1,248.0,,254.0,,13486.0,,53.09448818897638
12,1863000,Rzeszów,2014,2,2014Q2,305.0,,289.0,,14133.0,,48.90311418685121
12,1863000,Rzeszów,2014,3,2014Q3,369.0,,356.0,,18532.0,,52.056179775280896
12,1863000,Rzeszów,2014,4,2014Q4,292.0,,278.0,,14354.0,,51.63309352517986
12,1863000,Rzeszów,2015,1,2015Q1,395.0,,382.0,,20218.0,,52.92670157068063
12,1863000,Rzeszów,2015,2,2015Q2,593.0,,589.0,,30362.0,,51.54838709677419
12,1863000,Rzeszów,2015,3,2015Q3,409.0,,397.0,,20719.0,,52.18891687657431
12,1863000,Rzeszów,2015,4,2015Q4,551.0,,547.0,,26401.0,,48.26508226691042
12,1863000,Rzeszów,2016,1,2016Q1,344.0,,343.0,,17041.0,,49.68221574344023
12,1863000,Rzeszów,2016,2,2016Q2,372.0,,352.0,,17985.0,,51.09375
12,1863000,Rzeszów,2016,3,2016Q3,185.0,,162.0,,8070.0,,49.81481481481482
12,1863000,Rzeszów,2016,4,2016Q4,208.0,,195.0,,10178.0,,52.194871794871794
12,1863000,Rzeszów,2017,1,2017Q1,465.0,,465.0,,23727.4,,51.02666666666667
12,1863000,Rzeszów,2017,2,2017Q2,163.0,,167.0,,8757.3,,52.438922155688616
12,1863000,Rzeszów,2017,3,2017Q3,182.0,,184.0,,9416.9,,51.17880434782609
12,1863000,Rzeszów,2017,4,2017Q4,278.0,,278.0,,14390.5,,51.764388489208635
12,1863000,Rzeszów,2018,1,2018Q1,378.0,,355.0,,17795.7,,50.128732394366196
12,1863000,Rzeszów,2018,2,2018Q2,573.0,,571.0,,29866.0,,52.304728546409805
12,1863000,Rzeszów,2018,3,2018Q3,884.0,,867.0,,44484.8,,51.30888119953864
12,1863000,Rzeszów,2018,4,2018Q4,828.0,,793.0,,42517.7,,53.616267339218155
12,1863000,Rzeszów,2019,1,2019Q1,897.0,,899.0,,47471.3,,52.80456062291435
12,1863000,Rzeszów,2019,2,2019Q2,875.0,,883.0,,46702.5,,52.890713476783695
12,1863000,Rzeszów,2019,3,2019Q3,936.0,,936.0,,48246.2,,51.54508547008547
12,1863000,Rzeszów,2019,4,2019Q4,1328.0,,1310.0,,66283.7,,50.59824427480916
12,1863000,Rzeszów,2020,1,2020Q1,792.0,,786.0,,41929.2,,53.34503816793893
12,1863000,Rzeszów,2020,2,2020Q2,595.0,,601.0,,32019.4,,53.27687188019967
12,1863000,Rzeszów,2020,3,2020Q3,1280.0,,1269.0,,65691.6,,51.76643026004729
12,1863000,Rzeszów,2020,4,2020Q4,1082.0,,1084.0,,56471.5,,52.09547970479705
12,1863000,Rzeszów,2021,1,2021Q1,1159.0,,1188.0,,63675.4,,53.59882154882155
12,1863000,Rzeszów,2021,2,2021Q2,1076.0,,1073.0,,58481.3,,54.50260950605779
12,1863000,Rzeszów,2021,3,2021Q3,883.0,,871.0,,47766.5,,54.840987370838114
12,1863000,Rzeszów,2021,4,2021Q4,1119.0,,1115.0,,60893.5,,54.61300448430493
12,1863000,Rzeszów,2022,1,2022Q1,806.0,,812.0,,44578.8,,54.900000000000006
12,1863000,Rzeszów,2022,2,2022Q2,618.0,,637.0,,35181.3,,55.229670329670334
12,1863000,Rzeszów,2022,3,2022Q3,942.0,,983.0,,50720.1,,51.597253306205495
12,1863000,Rzeszów,2022,4,2022Q4,994.0,,1002.0,,53393.1,,53.286526946107784
12,1863000,Rzeszów,2023,1,2023Q1,,x,706.0,,36581.0,,51.814447592067985
12,1863000,Rzeszów,2023,2,2023Q2,,x,499.0,,27971.0,,56.054108216432866
12,1863000,Rzeszów,2023,3,2023Q3,724.0,,713.0,,37586.0,,52.71528751753156
12,1863000,Rzeszów,2023,4,2023Q4,953.0,,935.0,,48647.0,,52.028877005347596
12,1863000,Rzeszów,2024,1,2024Q1,857.0,,863.0,,44822.0,,51.93742757821553
12,1863000,Rzeszów,2024,2,2024Q2,836.0,,846.0,,44928.0,,53.1063829787234
12,1863000,Rzeszów,2024,3,2024Q3,,x,966.0,,51802.0,,53.625258799171846
12,1863000,Rzeszów,2024,4,2024Q4,,x,899.0,,48004.5,,53.39766407119021
13,3262000,Szczecin,2010,1,2010Q1,393.0,,394.0,,21349.9,,54.187563451776654
13,3262000,Szczecin,2010,2,2010Q2,366.0,,365.0,,20659.8,,56.60219178082192
13,3262000,Szczecin,2010,3,2010Q3,428.0,,428.0,,24571.7,,57.41051401869159
13,3262000,Szczecin,2010,4,2010Q4,563.0,,562.0,,31456.3,,55.9720640569395
13,3262000,Szczecin,2011,1,2011Q1,729.0,,759.0,,42781.1,,56.36508563899868
13,3262000,Szczecin,2011,2,2011Q2,610.0,,618.0,,32735.6,,52.970226537216824
13,3262000,Szczecin,2011,3,2011Q3,624.0,,632.0,,34550.0,,54.66772151898734
13,3262000,Szczecin,2011,4,2011Q4,518.0,,524.0,,30570.7,,58.34103053435115
13,3262000,Szczecin,2012,1,2012Q1,684.0,,685.0,,36779.2,,53.692262773722625
13,3262000,Szczecin,2012,2,2012Q2,631.0,,640.0,,35278.4,,55.1225
13,3262000,Szczecin,2012,3,2012Q3,682.0,,684.0,,37699.7,,55.11652046783625
13,3262000,Szczecin,2012,4,2012Q4,755.0,,765.0,,41934.9,,54.81686274509804
13,3262000,Szczecin,2013,1,2013Q1,666.0,,689.0,,35836.8,,52.01277213352685
13,3262000,Szczecin,2013,2,2013Q2,850.0,,855.0,,47359.5,,55.39122807017544
13,3262000,Szczecin,2013,3,2013Q3,800.0,,804.0,,44048.4,,54.786567164179104
13,3262000,Szczecin,2013,4,2013Q4,818.0,,824.0,,44786.2,,54.352184466019416
13,3262000,Szczecin,2014,1,2014Q1,743.0,,752.0,,42665.3,,56.73577127659575
13,3262000,Szczecin,2014,2,2014Q2,801.0,,810.0,,42933.4,,53.0041975308642
13,3262000,Szczecin,2014,3,2014Q3,674.0,,681.0,,35618.0,,52.302496328928044
13,3262000,Szczecin,2014,4,2014Q4,766.0,,768.0,,42035.7,,54.733984375
13,3262000,Szczecin,2015,1,2015Q1,887.0,,908.0,,49456.6,,54.467621145374444
13,3262000,Szczecin,2015,2,2015Q2,703.0,,716.0,,41003.6,,57.26759776536313
13,3262000,Szczecin,2015,3,2015Q3,684.0,,691.0,,38147.9,,55.206801736613606
13,3262000,Szczecin,2015,4,2015Q4,448.0,,448.0,,23883.9,,53.31227678571429
13,3262000,Szczecin,2016,1,2016Q1,640.0,,645.0,,36272.2,,56.235968992248054
13,3262000,Szczecin,2016,2,2016Q2,790.0,,803.0,,43262.3,,53.87584059775841
13,3262000,Szczecin,2016,3,2016Q3,938.0,,957.0,,54187.0,,56.62173458725183
13,3262000,Szczecin,2016,4,2016Q4,1332.0,,1353.0,,71607.1,,52.92468588322247
13,3262000,Szczecin,2017,1,2017Q1,1064.0,,1077.0,,59680.3,,55.41346332404829
13,3262000,Szczecin,2017,2,2017Q2,852.0,,866.0,,47824.0,,55.224018475750576
13,3262000,Szczecin,2017,3,2017Q3,1094.0,,1114.0,,61796.1,,55.47226211849192
13,3262000,Szczecin,2017,4,2017Q4,1102.0,,1121.0,,60027.1,,53.54781445138269
13,3262000,Szczecin,2018,1,2018Q1,1129.0,,1150.0,,63130.6,,54.89617391304348
13,3262000,Szczecin,2018,2,2018Q2,992.0,,1012.0,,56028.0,,55.36363636363637
13,3262000,Szczecin,2018,3,2018Q3,1047.0,,1068.0,,59721.1,,55.918632958801496
13,3262000,Szczecin,2018,4,2018Q4,984.0,,1014.0,,55934.7,,55.16242603550295
13,3262000,Szczecin,2019,1,2019Q1,842.0,,848.0,,48279.5,,56.933372641509436
13,3262000,Szczecin,2019,2,2019Q2,1344.0,,1395.0,,74901.5,,53.69283154121864
13,3262000,Szczecin,2019,3,2019Q3,1087.0,,1118.0,,61592.9,,55.092039355992846
13,3262000,Szczecin,2019,4,2019Q4,171.0,,170.0,,9681.4,,56.94941176470588
13,3262000,Szczecin,2020,1,2020Q1,131.0,,133.0,,8810.9,,66.24736842105263
13,3262000,Szczecin,2020,2,2020Q2,47.0,,48.0,,3964.4,,82.59166666666667
13,3262000,Szczecin,2020,3,2020Q3,20.0,,21.0,,1638.6,,78.02857142857142
13,3262000,Szczecin,2020,4,2020Q4,28.0,,28.0,,2383.3,,85.11785714285715
13,3262000,Szczecin,2021,1,2021Q1,124.0,,124.0,,7623.0,,61.475806451612904
13,3262000,Szczecin,2021,2,2021Q2,233.0,,234.0,,13783.5,,58.90384615384615
13,3262000,Szczecin,2021,3,2021Q3,255.0,,259.0,,13618.3,,52.58030888030888
13,3262000,Szczecin,2021,4,2021Q4,71.0,,72.0,,4101.0,,56.958333333333336
13,3262000,Szczecin,2022,1,2022Q1,61.0,,61.0,,3259.0,,53.42622950819672
13,3262000,Szczecin,2022,2,2022Q2,46.0,,47.0,,3039.1,,64.66170212765957
13,3262000,Szczecin,2022,3,2022Q3,29.0,,28.0,,1430.4,,51.08571428571429
13,3262000,Szczecin,2022,4,2022Q4,19.0,,19.0,,933.0,,49.10526315789474
13,3262000,Szczecin,2023,1,2023Q1,81.0,,83.0,,5947.0,,71.65060240963855
13,3262000,Szczecin,2023,2,2023Q2,44.0,,44.0,,3383.0,,76.88636363636364
13,3262000,Szczecin,2023,3,2023Q3,,x,117.0,,5465.0,,46.70940170940171
13,3262000,Szczecin,2023,4,2023Q4,107.0,,178.0,,10923.0,,61.36516853932584
13,3262000,Szczecin,2024,1,2024Q1,,x,646.0,,36136.0,,55.93808049535604
13,3262000,Szczecin,2024,2,2024Q2,,x,536.0,,30585.0,,57.0615671641791
13,3262000,Szczecin,2024,3,2024Q3,557.0,,558.0,,29856.0,,53.505376344086024
13,3262000,Szczecin,2024,4,2024Q4,,x,484.0,,25930.0,,53.574380165289256
14,1465000,Warszawa,2010,1,2010Q1,2431.0,,2431.0,,139468.6,,57.37087618264089
14,1465000,Warszawa,2010,2,2010Q2,2307.0,,2307.0,,134691.7,,58.383918508886005
14,1465000,Warszawa,2010,3,2010Q3,2490.0,,2490.0,,137555.6,,55.24321285140562
14,1465000,Warszawa,2010,4,2010Q4,2640.0,,2640.0,,152345.7,,57.70670454545455
14,1465000,Warszawa,2011,1,2011Q1,2476.0,,2476.0,,137680.8,,55.60613893376413
14,1465000,Warszawa,2011,2,2011Q2,2733.0,,2732.0,,157791.8,,57.75688140556368
14,1465000,Warszawa,2011,3,2011Q3,2823.0,,2823.0,,157861.9,,55.9199078993978
14,1465000,Warszawa,2011,4,2011Q4,2769.0,,2768.0,,162560.1,,58.728359826589596
14,1465000,Warszawa,2012,1,2012Q1,2790.0,,2790.0,,160657.2,,57.583225806451615
14,1465000,Warszawa,2012,2,2012Q2,2543.0,,2543.0,,146688.8,,57.683366103027915
14,1465000,Warszawa,2012,3,2012Q3,2569.0,,2569.0,,150887.0,,58.73374854028805
14,1465000,Warszawa,2012,4,2012Q4,2702.0,,2702.0,,159854.2,,59.16143597335308
14,1465000,Warszawa,2013,1,2013Q1,2627.0,,2627.0,,152658.2,,58.11122953939856
14,1465000,Warszawa,2013,2,2013Q2,3021.0,,3021.0,,176894.2,,58.554849387619996
14,1465000,Warszawa,2013,3,2013Q3,3410.0,,3409.0,,197740.9,,58.00554414784394
14,1465000,Warszawa,2013,4,2013Q4,3890.0,,3890.0,,229773.8,,59.0678149100257
14,1465000,Warszawa,2014,1,2014Q1,3436.0,,3436.0,,204185.7,,59.42540745052387
14,1465000,Warszawa,2014,2,2014Q2,3360.0,,3364.0,,195428.3,,58.09402497027348
14,1465000,Warszawa,2014,3,2014Q3,3639.0,,3639.0,,215073.8,,59.10244572684803
14,1465000,Warszawa,2014,4,2014Q4,3498.0,,3498.0,,203814.7,,58.266066323613494
14,1465000,Warszawa,2015,1,2015Q1,5007.0,,5007.0,,291590.1,,58.23648891551827
14,1465000,Warszawa,2015,2,2015Q2,5101.0,,5100.0,,295870.7,,58.01386274509804
14,1465000,Warszawa,2015,3,2015Q3,5730.0,,5727.0,,315420.3,,55.07600838135149
14,1465000,Warszawa,2015,4,2015Q4,6081.0,,6078.0,,338193.7,,55.64226719315565
14,1465000,Warszawa,2016,1,2016Q1,5720.0,,5720.0,,328491.7,,57.42861888111889
14,1465000,Warszawa,2016,2,2016Q2,6841.0,,6839.0,,382489.9,,55.92775259540869
14,1465000,Warszawa,2016,3,2016Q3,6889.0,,6889.0,,381001.8,,55.305820873856874
14,1465000,Warszawa,2016,4,2016Q4,5284.0,,5283.0,,283367.9,,53.637686920310436
14,1465000,Warszawa,2017,1,2017Q1,6980.0,,7087.0,,386286.0,,54.50627910258219
14,1465000,Warszawa,2017,2,2017Q2,6869.0,,6934.0,,378616.7,,54.602927603115084
14,1465000,Warszawa,2017,3,2017Q3,6645.0,,6738.0,,381644.0,,56.64054615612942
14,1465000,Warszawa,2017,4,2017Q4,2503.0,,2530.0,,141225.3,,55.82027667984189
14,1465000,Warszawa,2018,1,2018Q1,6035.0,,6108.0,,339310.1,,55.551751800916826
14,1465000,Warszawa,2018,2,2018Q2,5640.0,,5679.0,,329345.8,,57.9936256383166
14,1465000,Warszawa,2018,3,2018Q3,6180.0,,6234.0,,355651.5,,57.05028873917228
14,1465000,Warszawa,2018,4,2018Q4,5122.0,,5171.0,,293334.3,,56.7268033262425
14,1465000,Warszawa,2019,1,2019Q1,4645.0,,4846.0,,285678.3,,58.95136194799834
14,1465000,Warszawa,2019,2,2019Q2,5775.0,,5817.0,,329606.6,,56.66264397455733
14,1465000,Warszawa,2019,3,2019Q3,6598.0,,6664.0,,376376.0,,56.47899159663866
14,1465000,Warszawa,2019,4,2019Q4,5491.0,,5589.0,,319461.5,,57.15897298264448
14,1465000,Warszawa,2020,1,2020Q1,6186.0,,6296.0,,356460.8,,56.617026683608636
14,1465000,Warszawa,2020,2,2020Q2,5501.0,,5547.0,,313790.4,,56.56938885884262
14,1465000,Warszawa,2020,3,2020Q3,5976.0,,6007.0,,336016.9,,55.93755618445148
14,1465000,Warszawa,2020,4,2020Q4,3818.0,,3841.0,,214241.8,,55.77760999739651
14,1465000,Warszawa,2021,1,2021Q1,6964.0,,7001.0,,404501.2,,57.777631766890444
14,1465000,Warszawa,2021,2,2021Q2,7440.0,,7520.0,,439267.5,,58.41323138297872
14,1465000,Warszawa,2021,3,2021Q3,5305.0,,5379.0,,306166.3,,56.91881390593047
14,1465000,Warszawa,2021,4,2021Q4,1380.0,,1386.0,,82754.9,,59.70772005772005
14,1465000,Warszawa,2022,1,2022Q1,6181.0,,6227.0,,366143.7,,58.799373695198334
14,1465000,Warszawa,2022,2,2022Q2,6063.0,,6124.0,,345909.2,,56.484193337687785
14,1465000,Warszawa,2022,3,2022Q3,5344.0,,5377.0,,302935.8,,56.339185419378836
14,1465000,Warszawa,2022,4,2022Q4,4977.0,,5026.0,,288214.3,,57.344667727815356
14,1465000,Warszawa,2023,1,2023Q1,4686.0,,4682.0,,264161.0,,56.42054677488253
14,1465000,Warszawa,2023,2,2023Q2,,x,5468.0,,304136.0,,55.621068032187274
14,1465000,Warszawa,2023,3,2023Q3,,x,5936.0,,332812.0,,56.0667115902965
14,1465000,Warszawa,2023,4,2023Q4,,x,7478.0,,416429.0,,55.68721583311046
14,1465000,Warszawa,2024,1,2024Q1,6675.0,,6675.0,,373856.0,,56.00838951310861
14,1465000,Warszawa,2024,2,2024Q2,6161.0,,6158.0,,353438.0,,57.39493341994154
14,1465000,Warszawa,2024,3,2024Q3,5243.0,,5239.0,,300321.0,,57.32410765413247
14,1465000,Warszawa,2024,4,2024Q4,6326.0,,6323.0,,363570.0,,57.49960461806105
15,0264000,Wrocław,2010,1,2010Q1,2203.0,,1893.0,,104453.4,,55.178763866877965
15,0264000,Wrocław,2010,2,2010Q2,1858.0,,1493.0,,82835.9,,55.4828533154722
15,0264000,Wrocław,2010,3,2010Q3,2310.0,,1784.0,,98380.5,,55.1460201793722
15,0264000,Wrocław,2010,4,2010Q4,3150.0,,2507.0,,139816.6,,55.770482648583965
15,0264000,Wrocław,2011,1,2011Q1,1967.0,,1580.0,,85569.8,,54.158101265822786
15,0264000,Wrocław,2011,2,2011Q2,2088.0,,1705.0,,93151.2,,54.6341348973607
15,0264000,Wrocław,2011,3,2011Q3,2251.0,,1819.0,,99686.3,,54.802803738317756
15,0264000,Wrocław,2011,4,2011Q4,2695.0,,2201.0,,122912.3,,55.843843707405725
15,0264000,Wrocław,2012,1,2012Q1,2176.0,,1812.0,,99371.6,,54.840838852097136
15,0264000,Wrocław,2012,2,2012Q2,2412.0,,1900.0,,105344.8,,55.44463157894737
15,0264000,Wrocław,2012,3,2012Q3,2435.0,,2044.0,,113102.4,,55.333855185909975
15,0264000,Wrocław,2012,4,2012Q4,1796.0,,1496.0,,84156.8,,56.25454545454546
15,0264000,Wrocław,2013,1,2013Q1,2763.0,,2418.0,,133569.6,,55.239702233250625
15,0264000,Wrocław,2013,2,2013Q2,3019.0,,2700.0,,151979.0,,56.288518518518515
15,0264000,Wrocław,2013,3,2013Q3,2818.0,,2521.0,,136438.6,,54.1208250694169
15,0264000,Wrocław,2013,4,2013Q4,3130.0,,2612.0,,141795.4,,54.286140888208266
15,0264000,Wrocław,2014,1,2014Q1,2476.0,,2204.0,,123195.5,,55.89632486388385
15,0264000,Wrocław,2014,2,2014Q2,1872.0,,1745.0,,97794.1,,56.04246418338109
15,0264000,Wrocław,2014,3,2014Q3,2238.0,,1974.0,,107915.8,,54.66859169199595
15,0264000,Wrocław,2014,4,2014Q4,2863.0,,2518.0,,139218.9,,55.28947577442414
15,0264000,Wrocław,2015,1,2015Q1,2743.0,,2471.0,,134299.7,,54.350343990287335
15,0264000,Wrocław,2015,2,2015Q2,2781.0,,2582.0,,142306.8,,55.114949651432994
15,0264000,Wrocław,2015,3,2015Q3,2908.0,,2719.0,,148011.1,,54.43585877160721
15,0264000,Wrocław,2015,4,2015Q4,2623.0,,2418.0,,132282.9,,54.7075682382134
15,0264000,Wrocław,2016,1,2016Q1,3704.0,,3532.0,,190481.3,,53.930152887882215
15,0264000,Wrocław,2016,2,2016Q2,3840.0,,3677.0,,202968.0,,55.19934729398967
15,0264000,Wrocław,2016,3,2016Q3,3187.0,,3002.0,,165627.6,,55.17241838774151
15,0264000,Wrocław,2016,4,2016Q4,2061.0,,1932.0,,110567.2,,57.22939958592132
15,0264000,Wrocław,2017,1,2017Q1,3227.0,,3085.0,,172145.7,,55.8008752025932
15,0264000,Wrocław,2017,2,2017Q2,3926.0,,3798.0,,205214.0,,54.032122169562925
15,0264000,Wrocław,2017,3,2017Q3,3154.0,,3001.0,,163469.0,,54.471509496834386
15,0264000,Wrocław,2017,4,2017Q4,2268.0,,2161.0,,120637.3,,55.824757056918095
15,0264000,Wrocław,2018,1,2018Q1,3497.0,,3317.0,,188080.3,,56.7019294543262
15,0264000,Wrocław,2018,2,2018Q2,3500.0,,3366.0,,191458.7,,56.88018419489008
15,0264000,Wrocław,2018,3,2018Q3,3091.0,,2978.0,,162990.5,,54.73153122901276
15,0264000,Wrocław,2018,4,2018Q4,2907.0,,2764.0,,154698.6,,55.96910274963821
15,0264000,Wrocław,2019,1,2019Q1,3328.0,,3241.0,,173052.9,,53.39490897871027
15,0264000,Wrocław,2019,2,2019Q2,4450.0,,4378.0,,240741.4,,54.988899040657834
15,0264000,Wrocław,2019,3,2019Q3,2914.0,,2834.0,,157488.2,,55.57099505998589
15,0264000,Wrocław,2019,4,2019Q4,1826.0,,1797.0,,98698.2,,54.92387312186978
15,0264000,Wrocław,2020,1,2020Q1,3581.0,,3479.0,,185719.0,,53.38286864041391
15,0264000,Wrocław,2020,2,2020Q2,1715.0,,1698.0,,93730.2,,55.20035335689046
15,0264000,Wrocław,2020,3,2020Q3,1080.0,,1079.0,,58131.9,,53.87571825764597
15,0264000,Wrocław,2020,4,2020Q4,503.0,,506.0,,26842.2,,53.047826086956526
15,0264000,Wrocław,2021,1,2021Q1,3380.0,,3383.0,,190424.0,,56.28850133018031
15,0264000,Wrocław,2021,2,2021Q2,4081.0,,4074.0,,234238.2,,57.495876288659794
15,0264000,Wrocław,2021,3,2021Q3,3664.0,,3660.0,,201659.4,,55.098196721311474
15,0264000,Wrocław,2021,4,2021Q4,5261.0,,5263.0,,279014.5,,53.01434543036291
15,0264000,Wrocław,2022,1,2022Q1,3625.0,,3622.0,,195923.6,,54.0926559911651
15,0264000,Wrocław,2022,2,2022Q2,3189.0,,3170.0,,168883.5,,53.27555205047319
15,0264000,Wrocław,2022,3,2022Q3,3084.0,,3075.0,,169729.0,,55.19642276422764
15,0264000,Wrocław,2022,4,2022Q4,2889.0,,2888.0,,164009.9,,56.79013157894737
15,0264000,Wrocław,2023,1,2023Q1,2896.0,,2694.0,,150888.0,,56.00890868596882
15,0264000,Wrocław,2023,2,2023Q2,3074.0,,2915.0,,158418.0,,54.34579759862779
15,0264000,Wrocław,2023,3,2023Q3,3425.0,,3299.0,,179020.0,,54.26492876629282
15,0264000,Wrocław,2023,4,2023Q4,4387.0,,4196.0,,221936.0,,52.892278360343184
15,0264000,Wrocław,2024,1,2024Q1,4380.0,,4186.0,,229381.0,,54.79718107978977
15,0264000,Wrocław,2024,2,2024Q2,3401.0,,3199.0,,170366.9,,53.25629884338856
15,0264000,Wrocław,2024,3,2024Q3,2436.0,,2261.0,,122233.0,,54.061477222467936
15,0264000,Wrocław,2024,4,2024Q4,3741.0,,3548.0,,193958.0,,54.66685456595265
16,0862000,Zielona Góra,2010,1,2010Q1,251.0,,152.0,,7693.1,,50.612500000000004
16,0862000,Zielona Góra,2010,2,2010Q2,130.0,,88.0,,4456.5,,50.64204545454545
16,0862000,Zielona Góra,2010,3,2010Q3,369.0,,261.0,,14460.6,,55.40459770114943
16,0862000,Zielona Góra,2010,4,2010Q4,292.0,,160.0,,8353.8,,52.21124999999999
16,0862000,Zielona Góra,2011,1,2011Q1,248.0,,185.0,,10012.9,,54.12378378378378
16,0862000,Zielona Góra,2011,2,2011Q2,156.0,,119.0,,6360.2,,53.44705882352941
16,0862000,Zielona Góra,2011,3,2011Q3,286.0,,259.0,,13662.9,,52.75250965250965
16,0862000,Zielona Góra,2011,4,2011Q4,215.0,,205.0,,11213.2,,54.69853658536586
16,0862000,Zielona Góra,2012,1,2012Q1,257.0,,233.0,,12470.5,,53.52145922746781
16,0862000,Zielona Góra,2012,2,2012Q2,353.0,,249.0,,12854.1,,51.62289156626506
16,0862000,Zielona Góra,2012,3,2012Q3,189.0,,160.0,,8068.1,,50.425625000000004
16,0862000,Zielona Góra,2012,4,2012Q4,257.0,,217.0,,11293.9,,52.04562211981567
16,0862000,Zielona Góra,2013,1,2013Q1,276.0,,246.0,,12977.2,,52.75284552845529
16,0862000,Zielona Góra,2013,2,2013Q2,160.0,,144.0,,7712.3,,53.55763888888889
16,0862000,Zielona Góra,2013,3,2013Q3,234.0,,226.0,,11798.8,,52.2070796460177
16,0862000,Zielona Góra,2013,4,2013Q4,129.0,,129.0,,6542.0,,50.713178294573645
16,0862000,Zielona Góra,2014,1,2014Q1,389.0,,390.0,,20798.7,,53.330000000000005
16,0862000,Zielona Góra,2014,2,2014Q2,40.0,,39.0,,2042.4,,52.369230769230775
16,0862000,Zielona Góra,2014,3,2014Q3,80.0,,52.0,,2788.5,,53.625
16,0862000,Zielona Góra,2014,4,2014Q4,143.0,,118.0,,5743.0,,48.66949152542373
16,0862000,Zielona Góra,2015,1,2015Q1,233.0,,206.0,,10732.8,,52.1009708737864
16,0862000,Zielona Góra,2015,2,2015Q2,244.0,,234.0,,12342.7,,52.7465811965812
16,0862000,Zielona Góra,2015,3,2015Q3,190.0,,152.0,,7555.9,,49.709868421052626
16,0862000,Zielona Góra,2015,4,2015Q4,212.0,,187.0,,9791.5,,52.36096256684492
16,0862000,Zielona Góra,2016,1,2016Q1,191.0,,186.0,,9687.6,,52.08387096774194
16,0862000,Zielona Góra,2016,2,2016Q2,296.0,,263.0,,13752.1,,52.289353612167304
16,0862000,Zielona Góra,2016,3,2016Q3,248.0,,248.0,,12120.5,,48.872983870967744
16,0862000,Zielona Góra,2016,4,2016Q4,290.0,,261.0,,13877.0,,53.16858237547893
16,0862000,Zielona Góra,2017,1,2017Q1,277.0,,276.0,,14513.0,,52.583333333333336
16,0862000,Zielona Góra,2017,2,2017Q2,279.0,,237.0,,12542.5,,52.92194092827004
16,0862000,Zielona Góra,2017,3,2017Q3,381.0,,358.0,,18759.0,,52.399441340782126
16,0862000,Zielona Góra,2017,4,2017Q4,309.0,,296.0,,15540.7,,52.502364864864866
16,0862000,Zielona Góra,2018,1,2018Q1,579.0,,589.0,,31183.1,,52.94244482173175
16,0862000,Zielona Góra,2018,2,2018Q2,369.0,,369.0,,20438.5,,55.388888888888886
16,0862000,Zielona Góra,2018,3,2018Q3,352.0,,353.0,,19441.2,,55.074220963172806
16,0862000,Zielona Góra,2018,4,2018Q4,537.0,,555.0,,31147.2,,56.12108108108108
16,0862000,Zielona Góra,2019,1,2019Q1,588.0,,616.0,,34134.8,,55.41363636363637
16,0862000,Zielona Góra,2019,2,2019Q2,482.0,,501.0,,29087.2,,58.05828343313373
16,0862000,Zielona Góra,2019,3,2019Q3,410.0,,407.0,,23428.0,,57.562653562653566
16,0862000,Zielona Góra,2019,4,2019Q4,223.0,,167.0,,8536.1,,51.11437125748503
16,0862000,Zielona Góra,2020,1,2020Q1,604.0,,572.0,,31197.1,,54.54038461538461
16,0862000,Zielona Góra,2020,2,2020Q2,373.0,,381.0,,19958.5,,52.384514435695536
16,0862000,Zielona Góra,2020,3,2020Q3,549.0,,563.0,,29889.9,,53.09040852575489
16,0862000,Zielona Góra,2020,4,2020Q4,482.0,,496.0,,26751.4,,53.93427419354839
16,0862000,Zielona Góra,2021,1,2021Q1,580.0,,604.0,,30835.0,,51.05132450331126
16,0862000,Zielona Góra,2021,2,2021Q2,377.0,,364.0,,19111.4,,52.503846153846155
16,0862000,Zielona Góra,2021,3,2021Q3,373.0,,364.0,,19706.1,,54.137637362637356
16,0862000,Zielona Góra,2021,4,2021Q4,531.0,,538.0,,30444.5,,56.58828996282528
16,0862000,Zielona Góra,2022,1,2022Q1,388.0,,395.0,,21031.4,,53.244050632911396
16,0862000,Zielona Góra,2022,2,2022Q2,413.0,,465.0,,24419.6,,52.5152688172043
16,0862000,Zielona Góra,2022,3,2022Q3,489.0,,519.0,,28101.4,,54.145279383429674
16,0862000,Zielona Góra,2022,4,2022Q4,269.0,,287.0,,17540.8,,61.117770034843204
16,0862000,Zielona Góra,2023,1,2023Q1,530.0,,582.0,,32421.0,,55.70618556701031
16,0862000,Zielona Góra,2023,2,2023Q2,,x,351.0,,19814.0,,56.45014245014245
16,0862000,Zielona Góra,2023,3,2023Q3,,x,363.0,,20904.0,,57.586776859504134
16,0862000,Zielona Góra,2023,4,2023Q4,,x,440.0,,24401.0,,55.45681818181818
16,0862000,Zielona Góra,2024,1,2024Q1,,x,630.0,,34595.3,,54.91317460317461
16,0862000,Zielona Góra,2024,2,2024Q2,475.0,,488.0,,28550.0,,58.50409836065574
16,0862000,Zielona Góra,2024,3,2024Q3,368.0,,372.0,,20215.0,,54.34139784946237
16,0862000,Zielona Góra,2024,4,2024Q4,,x,299.0,,16970.5,,56.75752508361204
17,1061000,Łódź,2010,1,2010Q1,478.0,,406.0,,21773.7,,53.62980295566503
17,1061000,Łódź,2010,2,2010Q2,859.0,,664.0,,33993.0,,51.19427710843374
17,1061000,Łódź,2010,3,2010Q3,940.0,,654.0,,34471.3,,52.70840978593272
17,1061000,Łódź,2010,4,2010Q4,458.0,,318.0,,16486.8,,51.845283018867924
17,1061000,Łódź,2011,1,2011Q1,372.0,,316.0,,15567.2,,49.26329113924051
17,1061000,Łódź,2011,2,2011Q2,796.0,,602.0,,30560.7,,50.76528239202658
17,1061000,Łódź,2011,3,2011Q3,1094.0,,777.0,,40443.0,,52.05019305019305
17,1061000,Łódź,2011,4,2011Q4,1127.0,,772.0,,40339.5,,52.25323834196891
17,1061000,Łódź,2012,1,2012Q1,665.0,,583.0,,30783.9,,52.80257289879932
17,1061000,Łódź,2012,2,2012Q2,103.0,,99.0,,4996.0,,50.464646464646464
17,1061000,Łódź,2012,3,2012Q3,1598.0,,974.0,,50096.4,,51.43367556468173
17,1061000,Łódź,2012,4,2012Q4,1271.0,,728.0,,39186.4,,53.82747252747253
17,1061000,Łódź,2013,1,2013Q1,1829.0,,1236.0,,65474.9,,52.97322006472492
17,1061000,Łódź,2013,2,2013Q2,1862.0,,1089.0,,57854.6,,53.12635445362718
17,1061000,Łódź,2013,3,2013Q3,2190.0,,1177.0,,62247.1,,52.886236193712826
17,1061000,Łódź,2013,4,2013Q4,2517.0,,1225.0,,64517.6,,52.66742857142857
17,1061000,Łódź,2014,1,2014Q1,1832.0,,1000.0,,52458.0,,52.458
17,1061000,Łódź,2014,2,2014Q2,1960.0,,1098.0,,59579.7,,54.26202185792349
17,1061000,Łódź,2014,3,2014Q3,1734.0,,1133.0,,60853.7,,53.71023830538393
17,1061000,Łódź,2014,4,2014Q4,1251.0,,919.0,,47838.7,,52.05516866158868
17,1061000,Łódź,2015,1,2015Q1,1543.0,,1245.0,,65252.4,,52.411566265060245
17,1061000,Łódź,2015,2,2015Q2,1498.0,,1119.0,,58498.6,,52.27756925826631
17,1061000,Łódź,2015,3,2015Q3,1414.0,,1128.0,,57761.9,,51.20735815602837
17,1061000,Łódź,2015,4,2015Q4,1638.0,,1338.0,,70109.4,,52.398654708520176
17,1061000,Łódź,2016,1,2016Q1,1668.0,,1470.0,,74264.2,,50.51986394557823
17,1061000,Łódź,2016,2,2016Q2,1314.0,,1270.0,,64679.9,,50.929055118110234
17,1061000,Łódź,2016,3,2016Q3,1438.0,,1396.0,,68318.4,,48.93868194842406
17,1061000,Łódź,2016,4,2016Q4,1477.0,,1291.0,,65270.0,,50.557707203718046
17,1061000,Łódź,2017,1,2017Q1,1520.0,,1297.0,,67062.8,,51.70609097918273
17,1061000,Łódź,2017,2,2017Q2,1372.0,,1214.0,,62394.6,,51.39588138385503
17,1061000,Łódź,2017,3,2017Q3,1763.0,,1595.0,,80639.3,,50.55755485893417
17,1061000,Łódź,2017,4,2017Q4,1369.0,,1217.0,,60075.9,,49.36392769104355
17,1061000,Łódź,2018,1,2018Q1,1751.0,,1628.0,,85873.3,,52.747727272727275
17,1061000,Łódź,2018,2,2018Q2,2159.0,,1978.0,,104774.1,,52.969716885743175
17,1061000,Łódź,2018,3,2018Q3,1811.0,,1704.0,,88390.3,,51.87224178403756
17,1061000,Łódź,2018,4,2018Q4,1871.0,,1719.0,,88539.0,,51.50610820244328
17,1061000,Łódź,2019,1,2019Q1,1772.0,,1764.0,,90858.5,,51.50708616780045
17,1061000,Łódź,2019,2,2019Q2,2116.0,,2112.0,,110081.2,,52.1217803030303
17,1061000,Łódź,2019,3,2019Q3,2046.0,,1951.0,,98556.8,,50.51604305484367
17,1061000,Łódź,2019,4,2019Q4,1660.0,,1486.0,,77902.6,,52.42436069986542
17,1061000,Łódź,2020,1,2020Q1,2184.0,,2128.0,,107124.5,,50.34046052631579
17,1061000,Łódź,2020,2,2020Q2,1891.0,,1826.0,,91897.9,,50.327437020810514
17,1061000,Łódź,2020,3,2020Q3,2331.0,,2183.0,,103324.3,,47.3313330279432
17,1061000,Łódź,2020,4,2020Q4,2087.0,,1912.0,,95710.9,,50.05800209205021
17,1061000,Łódź,2021,1,2021Q1,2853.0,,2789.0,,137985.3,,49.47482968806023
17,1061000,Łódź,2021,2,2021Q2,2833.0,,2778.0,,136629.3,,49.18261339092872
17,1061000,Łódź,2021,3,2021Q3,2289.0,,2187.0,,109408.5,,50.02674897119341
17,1061000,Łódź,2021,4,2021Q4,1580.0,,1537.0,,74478.9,,48.4573194534808
17,1061000,Łódź,2022,1,2022Q1,2331.0,,2353.0,,118206.3,,50.236421589460264
17,1061000,Łódź,2022,2,2022Q2,2097.0,,2123.0,,103786.1,,48.88652849740933
17,1061000,Łódź,2022,3,2022Q3,1653.0,,1745.0,,81423.8,,46.66120343839542
17,1061000,Łódź,2022,4,2022Q4,905.0,,947.0,,45503.9,,48.05058078141499
17,1061000,Łódź,2023,1,2023Q1,2171.0,,2090.0,,100945.0,,48.29904306220096
17,1061000,Łódź,2023,2,2023Q2,1865.0,,1892.0,,88994.0,,47.03699788583509
17,1061000,Łódź,2023,3,2023Q3,2238.0,,2171.0,,106869.0,,49.2257024412713
17,1061000,Łódź,2023,4,2023Q4,2584.0,,2476.0,,120938.8,,48.84442649434572
17,1061000,Łódź,2024,1,2024Q1,2968.0,,2969.0,,142342.8,,47.94301111485348
17,1061000,Łódź,2024,2,2024Q2,2480.0,,2451.0,,122253.1,,49.87886576907385
17,1061000,Łódź,2024,3,2024Q3,2038.0,,2035.0,,99774.6,,49.029287469287475
17,1061000,Łódź,2024,4,2024Q4,2193.0,,2178.0,,104447.3,,47.955601469237834
