city_id,teryt_code,city_name,year,avg_gross_monthly_wage_pln,attribute
1,2061000,Białystok,2002,2087.45,
1,2061000,Białystok,2003,2201.82,
1,2061000,Białystok,2004,2281.63,
1,2061000,Białystok,2005,2365.0,
1,2061000,Białystok,2006,2478.96,
1,2061000,Białystok,2007,2715.96,
1,2061000,Białystok,2008,2994.05,
1,2061000,Białystok,2009,3144.6,
1,2061000,Białystok,2010,3241.41,
1,2061000,Białystok,2011,3360.36,
1,2061000,Białystok,2012,3493.98,
1,2061000,Białystok,2013,3627.02,
1,2061000,Białystok,2014,3706.73,
1,2061000,Białystok,2015,3844.68,
1,2061000,Białystok,2016,3967.71,
1,2061000,Białystok,2017,4164.59,
1,2061000,Białystok,2018,4396.32,
1,2061000,Białystok,2019,4744.13,
1,2061000,Białystok,2020,5126.79,
1,2061000,Białystok,2021,5650.97,
1,2061000,Białystok,2022,6183.98,
1,2061000,Białystok,2023,7089.31,
1,2061000,Białystok,2024,8281.89,
1,2061000,Białystok,2025,9090.46,
2,0461000,Bydgoszcz,2002,2126.46,
2,0461000,Bydgoszcz,2003,2162.47,
2,0461000,Bydgoszcz,2004,2259.1,
2,0461000,Bydgoszcz,2005,2343.98,
2,0461000,Bydgoszcz,2006,2482.78,
2,0461000,Bydgoszcz,2007,2690.84,
2,0461000,Bydgoszcz,2008,2973.85,
2,0461000,Bydgoszcz,2009,3074.32,
2,0461000,Bydgoszcz,2010,3184.45,
2,0461000,Bydgoszcz,2011,3363.68,
2,0461000,Bydgoszcz,2012,3468.51,
2,0461000,Bydgoszcz,2013,3589.06,
2,0461000,Bydgoszcz,2014,3677.79,
2,0461000,Bydgoszcz,2015,3850.09,
2,0461000,Bydgoszcz,2016,3950.95,
2,0461000,Bydgoszcz,2017,4185.1,
2,0461000,Bydgoszcz,2018,4481.39,
2,0461000,Bydgoszcz,2019,4957.38,
2,0461000,Bydgoszcz,2020,5252.17,
2,0461000,Bydgoszcz,2021,5848.22,
2,0461000,Bydgoszcz,2022,6435.59,
2,0461000,Bydgoszcz,2023,7478.19,
2,0461000,Bydgoszcz,2024,8448.23,
2,0461000,Bydgoszcz,2025,9219.1,
3,2261000,Gdańsk,2002,2491.47,
3,2261000,Gdańsk,2003,2611.0,
3,2261000,Gdańsk,2004,2767.68,
3,2261000,Gdańsk,2005,3017.45,
3,2261000,Gdańsk,2006,3177.7,
3,2261000,Gdańsk,2007,3473.08,
3,2261000,Gdańsk,2008,3847.9,
3,2261000,Gdańsk,2009,4053.17,
3,2261000,Gdańsk,2010,4108.37,
3,2261000,Gdańsk,2011,4327.35,
3,2261000,Gdańsk,2012,4411.71,
3,2261000,Gdańsk,2013,4562.66,
3,2261000,Gdańsk,2014,4814.14,
3,2261000,Gdańsk,2015,4992.14,
3,2261000,Gdańsk,2016,5118.59,
3,2261000,Gdańsk,2017,5312.48,
3,2261000,Gdańsk,2018,5642.0,
3,2261000,Gdańsk,2019,6154.35,
3,2261000,Gdańsk,2020,6490.53,
3,2261000,Gdańsk,2021,7084.42,
3,2261000,Gdańsk,2022,7876.68,
3,2261000,Gdańsk,2023,8915.97,
3,2261000,Gdańsk,2024,10107.32,
3,2261000,Gdańsk,2025,10972.26,
4,2262000,Gdynia,2002,2423.41,
4,2262000,Gdynia,2003,2418.93,
4,2262000,Gdynia,2004,2658.04,
4,2262000,Gdynia,2005,2741.05,
4,2262000,Gdynia,2006,2914.02,
4,2262000,Gdynia,2007,3198.33,
4,2262000,Gdynia,2008,3493.85,
4,2262000,Gdynia,2009,3583.9,
4,2262000,Gdynia,2010,3662.62,
4,2262000,Gdynia,2011,3938.74,
4,2262000,Gdynia,2012,4067.07,
4,2262000,Gdynia,2013,4298.33,
4,2262000,Gdynia,2014,4457.62,
4,2262000,Gdynia,2015,4566.82,
4,2262000,Gdynia,2016,4798.54,
4,2262000,Gdynia,2017,5045.45,
4,2262000,Gdynia,2018,5347.46,
4,2262000,Gdynia,2019,5624.49,
4,2262000,Gdynia,2020,5848.66,
4,2262000,Gdynia,2021,6298.57,
4,2262000,Gdynia,2022,6985.73,
4,2262000,Gdynia,2023,7890.4,
4,2262000,Gdynia,2024,8999.18,
4,2262000,Gdynia,2025,9795.07,
5,2469000,Katowice,2002,2707.36,
5,2469000,Katowice,2003,3033.42,
5,2469000,Katowice,2004,3272.16,
5,2469000,Katowice,2005,3395.63,
5,2469000,Katowice,2006,3523.92,
5,2469000,Katowice,2007,3727.38,
5,2469000,Katowice,2008,4150.44,
5,2469000,Katowice,2009,4494.03,
5,2469000,Katowice,2010,4563.66,
5,2469000,Katowice,2011,5013.92,
5,2469000,Katowice,2012,4966.8,
5,2469000,Katowice,2013,5270.37,
5,2469000,Katowice,2014,5199.41,
5,2469000,Katowice,2015,5262.02,
5,2469000,Katowice,2016,5274.86,
5,2469000,Katowice,2017,5290.36,
5,2469000,Katowice,2018,5698.98,
5,2469000,Katowice,2019,6175.8,
5,2469000,Katowice,2020,6525.94,
5,2469000,Katowice,2021,6924.74,
5,2469000,Katowice,2022,8017.49,
5,2469000,Katowice,2023,9105.52,
5,2469000,Katowice,2024,10051.54,
5,2469000,Katowice,2025,10801.86,
6,2661000,Kielce,2002,2154.27,
6,2661000,Kielce,2003,2233.43,
6,2661000,Kielce,2004,2320.83,
6,2661000,Kielce,2005,2372.75,
6,2661000,Kielce,2006,2461.78,
6,2661000,Kielce,2007,2655.81,
6,2661000,Kielce,2008,2953.74,
6,2661000,Kielce,2009,3082.94,
6,2661000,Kielce,2010,3200.8,
6,2661000,Kielce,2011,3381.09,
6,2661000,Kielce,2012,3467.85,
6,2661000,Kielce,2013,3597.04,
6,2661000,Kielce,2014,3669.64,
6,2661000,Kielce,2015,3845.52,
6,2661000,Kielce,2016,3920.24,
6,2661000,Kielce,2017,4197.4,
6,2661000,Kielce,2018,4493.16,
6,2661000,Kielce,2019,4879.19,
6,2661000,Kielce,2020,5218.61,
6,2661000,Kielce,2021,5648.73,
6,2661000,Kielce,2022,6185.4,
6,2661000,Kielce,2023,7062.45,
6,2661000,Kielce,2024,8213.37,
6,2661000,Kielce,2025,9008.73,
7,1261000,Kraków,2002,2300.64,
7,1261000,Kraków,2003,2324.15,
7,1261000,Kraków,2004,2463.26,
7,1261000,Kraków,2005,2579.09,
7,1261000,Kraków,2006,2753.21,
7,1261000,Kraków,2007,2995.18,
7,1261000,Kraków,2008,3259.63,
7,1261000,Kraków,2009,3423.56,
7,1261000,Kraków,2010,3543.43,
7,1261000,Kraków,2011,3722.48,
7,1261000,Kraków,2012,3877.57,
7,1261000,Kraków,2013,3997.8,
7,1261000,Kraków,2014,4152.52,
7,1261000,Kraków,2015,4431.17,
7,1261000,Kraków,2016,4635.26,
7,1261000,Kraków,2017,4966.2,
7,1261000,Kraków,2018,5368.39,
7,1261000,Kraków,2019,5878.79,
7,1261000,Kraków,2020,6482.24,
7,1261000,Kraków,2021,7203.41,
7,1261000,Kraków,2022,8157.43,
7,1261000,Kraków,2023,9223.73,
7,1261000,Kraków,2024,10455.44,
7,1261000,Kraków,2025,11419.23,
8,0663000,Lublin,2002,2145.22,
8,0663000,Lublin,2003,2207.83,
8,0663000,Lublin,2004,2323.15,
8,0663000,Lublin,2005,2419.23,
8,0663000,Lublin,2006,2545.84,
8,0663000,Lublin,2007,2762.84,
8,0663000,Lublin,2008,3076.91,
8,0663000,Lublin,2009,3178.15,
8,0663000,Lublin,2010,3489.07,
8,0663000,Lublin,2011,3606.97,
8,0663000,Lublin,2012,3710.8,
8,0663000,Lublin,2013,3820.91,
8,0663000,Lublin,2014,3955.65,
8,0663000,Lublin,2015,4060.17,
8,0663000,Lublin,2016,4169.46,
8,0663000,Lublin,2017,4431.61,
8,0663000,Lublin,2018,4708.4,
8,0663000,Lublin,2019,5054.93,
8,0663000,Lublin,2020,5412.39,
8,0663000,Lublin,2021,5833.53,
8,0663000,Lublin,2022,6402.56,
8,0663000,Lublin,2023,7443.57,
8,0663000,Lublin,2024,8507.48,
8,0663000,Lublin,2025,9288.09,
9,2862000,Olsztyn,2002,2271.09,
9,2862000,Olsztyn,2003,2356.41,
9,2862000,Olsztyn,2004,2477.34,
9,2862000,Olsztyn,2005,2562.95,
9,2862000,Olsztyn,2006,2741.54,
9,2862000,Olsztyn,2007,2931.15,
9,2862000,Olsztyn,2008,3132.8,
9,2862000,Olsztyn,2009,3322.72,
9,2862000,Olsztyn,2010,3443.21,
9,2862000,Olsztyn,2011,3546.91,
9,2862000,Olsztyn,2012,3649.18,
9,2862000,Olsztyn,2013,3795.3,
9,2862000,Olsztyn,2014,3954.4,
9,2862000,Olsztyn,2015,4104.05,
9,2862000,Olsztyn,2016,4254.72,
9,2862000,Olsztyn,2017,4427.76,
9,2862000,Olsztyn,2018,4648.58,
9,2862000,Olsztyn,2019,5018.92,
9,2862000,Olsztyn,2020,5438.71,
9,2862000,Olsztyn,2021,5902.66,
9,2862000,Olsztyn,2022,6506.02,
9,2862000,Olsztyn,2023,7386.7,
9,2862000,Olsztyn,2024,8613.33,
9,2862000,Olsztyn,2025,9304.52,
10,1661000,Opole,2002,2276.22,
10,1661000,Opole,2003,2326.35,
10,1661000,Opole,2004,2411.36,
10,1661000,Opole,2005,2471.69,
10,1661000,Opole,2006,2595.37,
10,1661000,Opole,2007,2876.99,
10,1661000,Opole,2008,3193.94,
10,1661000,Opole,2009,3352.46,
10,1661000,Opole,2010,3541.8,
10,1661000,Opole,2011,3714.16,
10,1661000,Opole,2012,3771.22,
10,1661000,Opole,2013,3872.66,
10,1661000,Opole,2014,4009.85,
10,1661000,Opole,2015,4225.15,
10,1661000,Opole,2016,4378.37,
10,1661000,Opole,2017,4615.56,
10,1661000,Opole,2018,4797.19,
10,1661000,Opole,2019,5147.55,
10,1661000,Opole,2020,5523.14,
10,1661000,Opole,2021,6011.09,
10,1661000,Opole,2022,6560.39,
10,1661000,Opole,2023,7516.59,
10,1661000,Opole,2024,8564.07,
10,1661000,Opole,2025,9465.22,
11,3064000,Poznań,2002,2395.19,
11,3064000,Poznań,2003,2504.9,
11,3064000,Poznań,2004,2615.9,
11,3064000,Poznań,2005,2734.73,
11,3064000,Poznań,2006,2889.84,
11,3064000,Poznań,2007,3156.71,
11,3064000,Poznań,2008,3517.34,
11,3064000,Poznań,2009,3668.55,
11,3064000,Poznań,2010,3814.08,
11,3064000,Poznań,2011,3987.13,
11,3064000,Poznań,2012,4119.68,
11,3064000,Poznań,2013,4256.82,
11,3064000,Poznań,2014,4354.4,
11,3064000,Poznań,2015,4549.11,
11,3064000,Poznań,2016,4770.94,
11,3064000,Poznań,2017,5062.37,
11,3064000,Poznań,2018,5355.57,
11,3064000,Poznań,2019,5713.03,
11,3064000,Poznań,2020,6104.97,
11,3064000,Poznań,2021,6662.69,
11,3064000,Poznań,2022,7362.74,
11,3064000,Poznań,2023,8303.38,
11,3064000,Poznań,2024,9495.07,
11,3064000,Poznań,2025,10294.78,
12,1863000,Rzeszów,2002,2102.03,
12,1863000,Rzeszów,2003,2199.08,
12,1863000,Rzeszów,2004,2292.86,
12,1863000,Rzeszów,2005,2416.75,
12,1863000,Rzeszów,2006,2522.57,
12,1863000,Rzeszów,2007,2734.81,
12,1863000,Rzeszów,2008,3107.71,
12,1863000,Rzeszów,2009,3258.06,
12,1863000,Rzeszów,2010,3428.12,
12,1863000,Rzeszów,2011,3532.66,
12,1863000,Rzeszów,2012,3702.54,
12,1863000,Rzeszów,2013,3859.86,
12,1863000,Rzeszów,2014,4087.48,
12,1863000,Rzeszów,2015,4231.81,
12,1863000,Rzeszów,2016,4319.48,
12,1863000,Rzeszów,2017,4510.48,
12,1863000,Rzeszów,2018,4802.41,
12,1863000,Rzeszów,2019,5117.26,
12,1863000,Rzeszów,2020,5518.24,
12,1863000,Rzeszów,2021,6072.54,
12,1863000,Rzeszów,2022,6508.96,
12,1863000,Rzeszów,2023,7428.94,
12,1863000,Rzeszów,2024,8680.49,
12,1863000,Rzeszów,2025,9537.56,
13,3262000,Szczecin,2002,2282.01,
13,3262000,Szczecin,2003,2365.24,
13,3262000,Szczecin,2004,2476.19,
13,3262000,Szczecin,2005,2630.23,
13,3262000,Szczecin,2006,2734.68,
13,3262000,Szczecin,2007,2975.73,
13,3262000,Szczecin,2008,3290.65,
13,3262000,Szczecin,2009,3472.49,
13,3262000,Szczecin,2010,3586.82,
13,3262000,Szczecin,2011,3761.89,
13,3262000,Szczecin,2012,3881.46,
13,3262000,Szczecin,2013,4029.51,
13,3262000,Szczecin,2014,4176.65,
13,3262000,Szczecin,2015,4381.58,
13,3262000,Szczecin,2016,4539.15,
13,3262000,Szczecin,2017,4732.93,
13,3262000,Szczecin,2018,5007.48,
13,3262000,Szczecin,2019,5408.91,
13,3262000,Szczecin,2020,5695.84,
13,3262000,Szczecin,2021,6244.67,
13,3262000,Szczecin,2022,6943.84,
13,3262000,Szczecin,2023,7933.31,
13,3262000,Szczecin,2024,9044.66,
13,3262000,Szczecin,2025,9908.84,
14,1465000,Warszawa,2002,3238.19,
14,1465000,Warszawa,2003,3368.71,
14,1465000,Warszawa,2004,3465.19,
14,1465000,Warszawa,2005,3613.44,
14,1465000,Warszawa,2006,3789.94,
14,1465000,Warszawa,2007,4099.73,
14,1465000,Warszawa,2008,4504.85,
14,1465000,Warszawa,2009,4603.26,
14,1465000,Warszawa,2010,4694.47,
14,1465000,Warszawa,2011,4936.36,
14,1465000,Warszawa,2012,5077.53,
14,1465000,Warszawa,2013,5226.05,
14,1465000,Warszawa,2014,5385.8,
14,1465000,Warszawa,2015,5591.46,
14,1465000,Warszawa,2016,5739.61,
14,1465000,Warszawa,2017,6059.04,
14,1465000,Warszawa,2018,6432.78,
14,1465000,Warszawa,2019,6802.6,
14,1465000,Warszawa,2020,7147.46,
14,1465000,Warszawa,2021,7687.58,
14,1465000,Warszawa,2022,8540.11,
14,1465000,Warszawa,2023,9625.74,
14,1465000,Warszawa,2024,10714.99,
14,1465000,Warszawa,2025,11687.95,
15,0264000,Wrocław,2002,2298.65,
15,0264000,Wrocław,2003,2367.3,
15,0264000,Wrocław,2004,2511.41,
15,0264000,Wrocław,2005,2649.62,
15,0264000,Wrocław,2006,2797.71,
15,0264000,Wrocław,2007,3048.98,
15,0264000,Wrocław,2008,3415.39,
15,0264000,Wrocław,2009,3556.1,
15,0264000,Wrocław,2010,3675.85,
15,0264000,Wrocław,2011,3827.68,
15,0264000,Wrocław,2012,3923.93,
15,0264000,Wrocław,2013,4129.56,
15,0264000,Wrocław,2014,4337.99,
15,0264000,Wrocław,2015,4569.88,
15,0264000,Wrocław,2016,4800.54,
15,0264000,Wrocław,2017,5070.35,
15,0264000,Wrocław,2018,5338.47,
15,0264000,Wrocław,2019,5757.54,
15,0264000,Wrocław,2020,6140.64,
15,0264000,Wrocław,2021,6693.9,
15,0264000,Wrocław,2022,7391.95,
15,0264000,Wrocław,2023,8334.84,
15,0264000,Wrocław,2024,9425.25,
15,0264000,Wrocław,2025,10155.68,
16,0862000,Zielona Góra,2002,2181.97,
16,0862000,Zielona Góra,2003,2286.63,
16,0862000,Zielona Góra,2004,2369.6,
16,0862000,Zielona Góra,2005,2468.95,
16,0862000,Zielona Góra,2006,2586.19,
16,0862000,Zielona Góra,2007,2767.01,
16,0862000,Zielona Góra,2008,2908.94,
16,0862000,Zielona Góra,2009,3060.42,
16,0862000,Zielona Góra,2010,3138.35,
16,0862000,Zielona Góra,2011,3247.3,
16,0862000,Zielona Góra,2012,3351.95,
16,0862000,Zielona Góra,2013,3363.53,
16,0862000,Zielona Góra,2014,3578.27,
16,0862000,Zielona Góra,2015,3731.67,
16,0862000,Zielona Góra,2016,3919.96,
16,0862000,Zielona Góra,2017,4173.04,
16,0862000,Zielona Góra,2018,4419.34,
16,0862000,Zielona Góra,2019,4893.47,
16,0862000,Zielona Góra,2020,5212.8,
16,0862000,Zielona Góra,2021,5697.74,
16,0862000,Zielona Góra,2022,6462.8,
16,0862000,Zielona Góra,2023,7487.1,
16,0862000,Zielona Góra,2024,8679.92,
16,0862000,Zielona Góra,2025,9302.48,
17,1061000,Łódź,2002,2102.42,
17,1061000,Łódź,2003,2164.79,
17,1061000,Łódź,2004,2293.67,
17,1061000,Łódź,2005,2401.67,
17,1061000,Łódź,2006,2500.84,
17,1061000,Łódź,2007,2698.09,
17,1061000,Łódź,2008,3002.12,
17,1061000,Łódź,2009,3159.24,
17,1061000,Łódź,2010,3243.15,
17,1061000,Łódź,2011,3427.06,
17,1061000,Łódź,2012,3568.84,
17,1061000,Łódź,2013,3710.91,
17,1061000,Łódź,2014,3837.47,
17,1061000,Łódź,2015,4047.78,
17,1061000,Łódź,2016,4230.12,
17,1061000,Łódź,2017,4462.5,
17,1061000,Łódź,2018,4779.47,
17,1061000,Łódź,2019,5174.84,
17,1061000,Łódź,2020,5510.99,
17,1061000,Łódź,2021,6062.04,
17,1061000,Łódź,2022,6629.23,
17,1061000,Łódź,2023,7548.1,
17,1061000,Łódź,2024,8621.77,
17,1061000,Łódź,2025,9374.53,
