city_id,teryt_code,city_name,year,reference_date,population,attribute
1,2061000,Białystok,1995,mid_year,277768.0,
1,2061000,Białystok,1995,year_end,278489.0,
1,2061000,Białystok,1996,mid_year,279059.0,
1,2061000,Białystok,1996,year_end,280592.0,
1,2061000,Białystok,1997,mid_year,281419.0,
1,2061000,Białystok,1997,year_end,282530.0,
1,2061000,Białystok,1998,mid_year,283163.0,
1,2061000,Białystok,1998,year_end,283937.0,
1,2061000,Białystok,1999,mid_year,284404.0,
1,2061000,Białystok,1999,year_end,288756.0,
1,2061000,Białystok,2000,mid_year,289028.0,
1,2061000,Białystok,2000,year_end,289233.0,
1,2061000,Białystok,2001,mid_year,289767.0,
1,2061000,Białystok,2001,year_end,290091.0,
1,2061000,Białystok,2002,mid_year,291355.0,
1,2061000,Białystok,2002,year_end,291660.0,
1,2061000,Białystok,2003,mid_year,291465.0,
1,2061000,Białystok,2003,year_end,291931.0,
1,2061000,Białystok,2004,mid_year,291917.0,
1,2061000,Białystok,2004,year_end,292150.0,
1,2061000,Białystok,2005,mid_year,292138.0,
1,2061000,Białystok,2005,year_end,291823.0,
1,2061000,Białystok,2006,mid_year,295210.0,
1,2061000,Białystok,2006,year_end,294830.0,
1,2061000,Białystok,2007,mid_year,294817.0,
1,2061000,Białystok,2007,year_end,294143.0,
1,2061000,Białystok,2008,mid_year,294265.0,
1,2061000,Białystok,2008,year_end,294153.0,
1,2061000,Białystok,2009,mid_year,294399.0,
1,2061000,Białystok,2009,year_end,294685.0,
1,2061000,Białystok,2010,mid_year,293946.0,
1,2061000,Białystok,2010,year_end,294155.0,
1,2061000,Białystok,2011,mid_year,294197.0,
1,2061000,Białystok,2011,year_end,294298.0,
1,2061000,Białystok,2012,mid_year,294675.0,
1,2061000,Białystok,2012,year_end,294921.0,
1,2061000,Białystok,2013,mid_year,294925.0,
1,2061000,Białystok,2013,year_end,295282.0,
1,2061000,Białystok,2014,mid_year,295401.0,
1,2061000,Białystok,2014,year_end,295459.0,
1,2061000,Białystok,2015,mid_year,295624.0,
1,2061000,Białystok,2015,year_end,295981.0,
1,2061000,Białystok,2016,mid_year,296310.0,
1,2061000,Białystok,2016,year_end,296628.0,
1,2061000,Białystok,2017,mid_year,297132.0,
1,2061000,Białystok,2017,year_end,297288.0,
1,2061000,Białystok,2018,mid_year,297403.0,
1,2061000,Białystok,2018,year_end,297459.0,
1,2061000,Białystok,2019,mid_year,297356.0,
1,2061000,Białystok,2019,year_end,297554.0,
1,2061000,Białystok,2020,mid_year,295302.0,
1,2061000,Białystok,2020,year_end,294675.0,
1,2061000,Białystok,2021,mid_year,294131.0,
1,2061000,Białystok,2021,year_end,293413.0,
1,2061000,Białystok,2022,mid_year,293028.0,
1,2061000,Białystok,2022,year_end,292600.0,
1,2061000,Białystok,2023,mid_year,292058.0,
1,2061000,Białystok,2023,year_end,291688.0,
1,2061000,Białystok,2024,mid_year,290907.0,
1,2061000,Białystok,2024,year_end,290386.0,
1,2061000,Białystok,2025,mid_year,289685.0,
1,2061000,Białystok,2025,year_end,289217.0,
2,0461000,Bydgoszcz,1995,mid_year,385764.0,
2,0461000,Bydgoszcz,1995,year_end,386056.0,
2,0461000,Bydgoszcz,1996,mid_year,386035.0,
2,0461000,Bydgoszcz,1996,year_end,386592.0,
2,0461000,Bydgoszcz,1997,mid_year,386551.0,
2,0461000,Bydgoszcz,1997,year_end,386268.0,
2,0461000,Bydgoszcz,1998,mid_year,386435.0,
2,0461000,Bydgoszcz,1998,year_end,386855.0,
2,0461000,Bydgoszcz,1999,mid_year,386601.0,
2,0461000,Bydgoszcz,1999,year_end,377412.0,
2,0461000,Bydgoszcz,2000,mid_year,377063.0,
2,0461000,Bydgoszcz,2000,year_end,375676.0,
2,0461000,Bydgoszcz,2001,mid_year,375189.0,
2,0461000,Bydgoszcz,2001,year_end,374352.0,
2,0461000,Bydgoszcz,2002,mid_year,373736.0,
2,0461000,Bydgoszcz,2002,year_end,372104.0,
2,0461000,Bydgoszcz,2003,mid_year,371237.0,
2,0461000,Bydgoszcz,2003,year_end,370245.0,
2,0461000,Bydgoszcz,2004,mid_year,369151.0,
2,0461000,Bydgoszcz,2004,year_end,368235.0,
2,0461000,Bydgoszcz,2005,mid_year,367368.0,
2,0461000,Bydgoszcz,2005,year_end,366074.0,
2,0461000,Bydgoszcz,2006,mid_year,364953.0,
2,0461000,Bydgoszcz,2006,year_end,363468.0,
2,0461000,Bydgoszcz,2007,mid_year,362397.0,
2,0461000,Bydgoszcz,2007,year_end,361222.0,
2,0461000,Bydgoszcz,2008,mid_year,360142.0,
2,0461000,Bydgoszcz,2008,year_end,358928.0,
2,0461000,Bydgoszcz,2009,mid_year,358029.0,
2,0461000,Bydgoszcz,2009,year_end,357650.0,
2,0461000,Bydgoszcz,2010,mid_year,365202.0,
2,0461000,Bydgoszcz,2010,year_end,364443.0,
2,0461000,Bydgoszcz,2011,mid_year,363607.0,
2,0461000,Bydgoszcz,2011,year_end,363020.0,
2,0461000,Bydgoszcz,2012,mid_year,362286.0,
2,0461000,Bydgoszcz,2012,year_end,361254.0,
2,0461000,Bydgoszcz,2013,mid_year,360289.0,
2,0461000,Bydgoszcz,2013,year_end,359428.0,
2,0461000,Bydgoszcz,2014,mid_year,358614.0,
2,0461000,Bydgoszcz,2014,year_end,357652.0,
2,0461000,Bydgoszcz,2015,mid_year,356961.0,
2,0461000,Bydgoszcz,2015,year_end,355645.0,
2,0461000,Bydgoszcz,2016,mid_year,354990.0,
2,0461000,Bydgoszcz,2016,year_end,353938.0,
2,0461000,Bydgoszcz,2017,mid_year,353215.0,
2,0461000,Bydgoszcz,2017,year_end,352313.0,
2,0461000,Bydgoszcz,2018,mid_year,351254.0,
2,0461000,Bydgoszcz,2018,year_end,350178.0,
2,0461000,Bydgoszcz,2019,mid_year,349021.0,
2,0461000,Bydgoszcz,2019,year_end,348190.0,
2,0461000,Bydgoszcz,2020,mid_year,341716.0,
2,0461000,Bydgoszcz,2020,year_end,339068.0,
2,0461000,Bydgoszcz,2021,mid_year,336665.0,
2,0461000,Bydgoszcz,2021,year_end,334026.0,
2,0461000,Bydgoszcz,2022,mid_year,331898.0,
2,0461000,Bydgoszcz,2022,year_end,330038.0,
2,0461000,Bydgoszcz,2023,mid_year,328370.0,
2,0461000,Bydgoszcz,2023,year_end,326434.0,
2,0461000,Bydgoszcz,2024,mid_year,324984.0,
2,0461000,Bydgoszcz,2024,year_end,324043.0,
2,0461000,Bydgoszcz,2025,mid_year,322464.0,
2,0461000,Bydgoszcz,2025,year_end,321100.0,
3,2261000,Gdańsk,1995,mid_year,462830.0,
3,2261000,Gdańsk,1995,year_end,463019.0,
3,2261000,Gdańsk,1996,mid_year,462709.0,
3,2261000,Gdańsk,1996,year_end,462336.0,
3,2261000,Gdańsk,1997,mid_year,462120.0,
3,2261000,Gdańsk,1997,year_end,461354.0,
3,2261000,Gdańsk,1998,mid_year,460817.0,
3,2261000,Gdańsk,1998,year_end,458988.0,
3,2261000,Gdańsk,1999,mid_year,458435.0,
3,2261000,Gdańsk,1999,year_end,464358.0,
3,2261000,Gdańsk,2000,mid_year,463670.0,
3,2261000,Gdańsk,2000,year_end,462995.0,
3,2261000,Gdańsk,2001,mid_year,462705.0,
3,2261000,Gdańsk,2001,year_end,461885.0,
3,2261000,Gdańsk,2002,mid_year,461319.0,
3,2261000,Gdańsk,2002,year_end,461653.0,
3,2261000,Gdańsk,2003,mid_year,461482.0,
3,2261000,Gdańsk,2003,year_end,461011.0,
3,2261000,Gdańsk,2004,mid_year,460524.0,
3,2261000,Gdańsk,2004,year_end,459072.0,
3,2261000,Gdańsk,2005,mid_year,458807.0,
3,2261000,Gdańsk,2005,year_end,458053.0,
3,2261000,Gdańsk,2006,mid_year,457630.0,
3,2261000,Gdańsk,2006,year_end,456658.0,
3,2261000,Gdańsk,2007,mid_year,456103.0,
3,2261000,Gdańsk,2007,year_end,455717.0,
3,2261000,Gdańsk,2008,mid_year,455717.0,
3,2261000,Gdańsk,2008,year_end,455581.0,
3,2261000,Gdańsk,2009,mid_year,455830.0,
3,2261000,Gdańsk,2009,year_end,456591.0,
3,2261000,Gdańsk,2010,mid_year,460416.0,
3,2261000,Gdańsk,2010,year_end,460509.0,
3,2261000,Gdańsk,2011,mid_year,460435.0,
3,2261000,Gdańsk,2011,year_end,460517.0,
3,2261000,Gdańsk,2012,mid_year,460354.0,
3,2261000,Gdańsk,2012,year_end,460427.0,
3,2261000,Gdańsk,2013,mid_year,460815.0,
3,2261000,Gdańsk,2013,year_end,461531.0,
3,2261000,Gdańsk,2014,mid_year,461935.0,
3,2261000,Gdańsk,2014,year_end,461489.0,
3,2261000,Gdańsk,2015,mid_year,461798.0,
3,2261000,Gdańsk,2015,year_end,462249.0,
3,2261000,Gdańsk,2016,mid_year,462996.0,
3,2261000,Gdańsk,2016,year_end,463754.0,
3,2261000,Gdańsk,2017,mid_year,464293.0,
3,2261000,Gdańsk,2017,year_end,464254.0,
3,2261000,Gdańsk,2018,mid_year,464829.0,
3,2261000,Gdańsk,2018,year_end,466631.0,
3,2261000,Gdańsk,2019,mid_year,468158.0,
3,2261000,Gdańsk,2019,year_end,470907.0,
3,2261000,Gdańsk,2020,mid_year,487262.0,
3,2261000,Gdańsk,2020,year_end,486542.0,
3,2261000,Gdańsk,2021,mid_year,486283.0,
3,2261000,Gdańsk,2021,year_end,486271.0,
3,2261000,Gdańsk,2022,mid_year,486226.0,
3,2261000,Gdańsk,2022,year_end,486345.0,
3,2261000,Gdańsk,2023,mid_year,486492.0,
3,2261000,Gdańsk,2023,year_end,487371.0,
3,2261000,Gdańsk,2024,mid_year,487834.0,
3,2261000,Gdańsk,2024,year_end,488651.0,
3,2261000,Gdańsk,2025,mid_year,489160.0,
3,2261000,Gdańsk,2025,year_end,489328.0,
4,2262000,Gdynia,1995,mid_year,251400.0,
4,2262000,Gdynia,1995,year_end,251631.0,
4,2262000,Gdynia,1996,mid_year,251942.0,
4,2262000,Gdynia,1996,year_end,251932.0,
4,2262000,Gdynia,1997,mid_year,252180.0,
4,2262000,Gdynia,1997,year_end,251585.0,
4,2262000,Gdynia,1998,mid_year,252002.0,
4,2262000,Gdynia,1998,year_end,253521.0,
4,2262000,Gdynia,1999,mid_year,254034.0,
4,2262000,Gdynia,1999,year_end,252985.0,
4,2262000,Gdynia,2000,mid_year,253305.0,
4,2262000,Gdynia,2000,year_end,253387.0,
4,2262000,Gdynia,2001,mid_year,253510.0,
4,2262000,Gdynia,2001,year_end,253364.0,
4,2262000,Gdynia,2002,mid_year,253533.0,
4,2262000,Gdynia,2002,year_end,253508.0,
4,2262000,Gdynia,2003,mid_year,253587.0,
4,2262000,Gdynia,2003,year_end,253500.0,
4,2262000,Gdynia,2004,mid_year,253651.0,
4,2262000,Gdynia,2004,year_end,253324.0,
4,2262000,Gdynia,2005,mid_year,253092.0,
4,2262000,Gdynia,2005,year_end,252791.0,
4,2262000,Gdynia,2006,mid_year,252443.0,
4,2262000,Gdynia,2006,year_end,251844.0,
4,2262000,Gdynia,2007,mid_year,251183.0,
4,2262000,Gdynia,2007,year_end,250242.0,
4,2262000,Gdynia,2008,mid_year,249787.0,
4,2262000,Gdynia,2008,year_end,249257.0,
4,2262000,Gdynia,2009,mid_year,248889.0,
4,2262000,Gdynia,2009,year_end,247859.0,
4,2262000,Gdynia,2010,mid_year,249676.0,
4,2262000,Gdynia,2010,year_end,249461.0,
4,2262000,Gdynia,2011,mid_year,249081.0,
4,2262000,Gdynia,2011,year_end,248939.0,
4,2262000,Gdynia,2012,mid_year,248574.0,
4,2262000,Gdynia,2012,year_end,248726.0,
4,2262000,Gdynia,2013,mid_year,248362.0,
4,2262000,Gdynia,2013,year_end,248042.0,
4,2262000,Gdynia,2014,mid_year,247792.0,
4,2262000,Gdynia,2014,year_end,247820.0,
4,2262000,Gdynia,2015,mid_year,247672.0,
4,2262000,Gdynia,2015,year_end,247478.0,
4,2262000,Gdynia,2016,mid_year,247329.0,
4,2262000,Gdynia,2016,year_end,246991.0,
4,2262000,Gdynia,2017,mid_year,246643.0,
4,2262000,Gdynia,2017,year_end,246306.0,
4,2262000,Gdynia,2018,mid_year,246204.0,
4,2262000,Gdynia,2018,year_end,246309.0,
4,2262000,Gdynia,2019,mid_year,246244.0,
4,2262000,Gdynia,2019,year_end,246348.0,
4,2262000,Gdynia,2020,mid_year,246637.0,
4,2262000,Gdynia,2020,year_end,245739.0,
4,2262000,Gdynia,2021,mid_year,244862.0,
4,2262000,Gdynia,2021,year_end,244676.0,
4,2262000,Gdynia,2022,mid_year,243770.0,
4,2262000,Gdynia,2022,year_end,242874.0,
4,2262000,Gdynia,2023,mid_year,242141.0,
4,2262000,Gdynia,2023,year_end,241189.0,
4,2262000,Gdynia,2024,mid_year,240554.0,
4,2262000,Gdynia,2024,year_end,240084.0,
4,2262000,Gdynia,2025,mid_year,239325.0,
4,2262000,Gdynia,2025,year_end,238712.0,
5,2469000,Katowice,1995,mid_year,354218.0,
5,2469000,Katowice,1995,year_end,351521.0,
5,2469000,Katowice,1996,mid_year,351126.0,
5,2469000,Katowice,1996,year_end,350974.0,
5,2469000,Katowice,1997,mid_year,350284.0,
5,2469000,Katowice,1997,year_end,348974.0,
5,2469000,Katowice,1998,mid_year,347994.0,
5,2469000,Katowice,1998,year_end,345934.0,
5,2469000,Katowice,1999,mid_year,344844.0,
5,2469000,Katowice,1999,year_end,333244.0,
5,2469000,Katowice,2000,mid_year,332197.0,
5,2469000,Katowice,2000,year_end,330625.0,
5,2469000,Katowice,2001,mid_year,329352.0,
5,2469000,Katowice,2001,year_end,328103.0,
5,2469000,Katowice,2002,mid_year,327032.0,
5,2469000,Katowice,2002,year_end,325045.0,
5,2469000,Katowice,2003,mid_year,323710.0,
5,2469000,Katowice,2003,year_end,322285.0,
5,2469000,Katowice,2004,mid_year,321163.0,
5,2469000,Katowice,2004,year_end,319904.0,
5,2469000,Katowice,2005,mid_year,318744.0,
5,2469000,Katowice,2005,year_end,317220.0,
5,2469000,Katowice,2006,mid_year,315996.0,
5,2469000,Katowice,2006,year_end,314500.0,
5,2469000,Katowice,2007,mid_year,313461.0,
5,2469000,Katowice,2007,year_end,312201.0,
5,2469000,Katowice,2008,mid_year,311179.0,
5,2469000,Katowice,2008,year_end,309621.0,
5,2469000,Katowice,2009,mid_year,308724.0,
5,2469000,Katowice,2009,year_end,308548.0,
5,2469000,Katowice,2010,mid_year,312294.0,
5,2469000,Katowice,2010,year_end,311421.0,
5,2469000,Katowice,2011,mid_year,310434.0,
5,2469000,Katowice,2011,year_end,309304.0,
5,2469000,Katowice,2012,mid_year,308269.0,
5,2469000,Katowice,2012,year_end,307233.0,
5,2469000,Katowice,2013,mid_year,305995.0,
5,2469000,Katowice,2013,year_end,304362.0,
5,2469000,Katowice,2014,mid_year,303314.0,
5,2469000,Katowice,2014,year_end,301834.0,
5,2469000,Katowice,2015,mid_year,300797.0,
5,2469000,Katowice,2015,year_end,299910.0,
5,2469000,Katowice,2016,mid_year,299012.0,
5,2469000,Katowice,2016,year_end,298111.0,
5,2469000,Katowice,2017,mid_year,297197.0,
5,2469000,Katowice,2017,year_end,296262.0,
5,2469000,Katowice,2018,mid_year,295449.0,
5,2469000,Katowice,2018,year_end,294510.0,
5,2469000,Katowice,2019,mid_year,293636.0,
5,2469000,Katowice,2019,year_end,292774.0,
5,2469000,Katowice,2020,mid_year,287590.0,
5,2469000,Katowice,2020,year_end,286369.0,
5,2469000,Katowice,2021,mid_year,284957.0,
5,2469000,Katowice,2021,year_end,282755.0,
5,2469000,Katowice,2022,mid_year,281418.0,
5,2469000,Katowice,2022,year_end,280190.0,
5,2469000,Katowice,2023,mid_year,279119.0,
5,2469000,Katowice,2023,year_end,279190.0,
5,2469000,Katowice,2024,mid_year,278090.0,
5,2469000,Katowice,2024,year_end,278885.0,
5,2469000,Katowice,2025,mid_year,277884.0,
5,2469000,Katowice,2025,year_end,277415.0,
6,2661000,Kielce,1995,mid_year,213701.0,
6,2661000,Kielce,1995,year_end,213777.0,
6,2661000,Kielce,1996,mid_year,213794.0,
6,2661000,Kielce,1996,year_end,213748.0,
6,2661000,Kielce,1997,mid_year,213820.0,
6,2661000,Kielce,1997,year_end,212596.0,
6,2661000,Kielce,1998,mid_year,212541.0,
6,2661000,Kielce,1998,year_end,212383.0,
6,2661000,Kielce,1999,mid_year,212180.0,
6,2661000,Kielce,1999,year_end,214242.0,
6,2661000,Kielce,2000,mid_year,213901.0,
6,2661000,Kielce,2000,year_end,213469.0,
6,2661000,Kielce,2001,mid_year,213299.0,
6,2661000,Kielce,2001,year_end,212763.0,
6,2661000,Kielce,2002,mid_year,212394.0,
6,2661000,Kielce,2002,year_end,211810.0,
6,2661000,Kielce,2003,mid_year,211085.0,
6,2661000,Kielce,2003,year_end,210639.0,
6,2661000,Kielce,2004,mid_year,209962.0,
6,2661000,Kielce,2004,year_end,209455.0,
6,2661000,Kielce,2005,mid_year,209057.0,
6,2661000,Kielce,2005,year_end,208193.0,
6,2661000,Kielce,2006,mid_year,207718.0,
6,2661000,Kielce,2006,year_end,207188.0,
6,2661000,Kielce,2007,mid_year,206796.0,
6,2661000,Kielce,2007,year_end,205902.0,
6,2661000,Kielce,2008,mid_year,205655.0,
6,2661000,Kielce,2008,year_end,205094.0,
6,2661000,Kielce,2009,mid_year,204891.0,
6,2661000,Kielce,2009,year_end,204835.0,
6,2661000,Kielce,2010,mid_year,203092.0,
6,2661000,Kielce,2010,year_end,202450.0,
6,2661000,Kielce,2011,mid_year,202166.0,
6,2661000,Kielce,2011,year_end,201815.0,
6,2661000,Kielce,2012,mid_year,201363.0,
6,2661000,Kielce,2012,year_end,200938.0,
6,2661000,Kielce,2013,mid_year,200236.0,
6,2661000,Kielce,2013,year_end,199870.0,
6,2661000,Kielce,2014,mid_year,199475.0,
6,2661000,Kielce,2014,year_end,198857.0,
6,2661000,Kielce,2015,mid_year,198475.0,
6,2661000,Kielce,2015,year_end,198046.0,
6,2661000,Kielce,2016,mid_year,197724.0,
6,2661000,Kielce,2016,year_end,197704.0,
6,2661000,Kielce,2017,mid_year,197336.0,
6,2661000,Kielce,2017,year_end,196804.0,
6,2661000,Kielce,2018,mid_year,196335.0,
6,2661000,Kielce,2018,year_end,195774.0,
6,2661000,Kielce,2019,mid_year,195266.0,
6,2661000,Kielce,2019,year_end,194852.0,
6,2661000,Kielce,2020,mid_year,188230.0,
6,2661000,Kielce,2020,year_end,187427.0,
6,2661000,Kielce,2021,mid_year,186498.0,
6,2661000,Kielce,2021,year_end,185478.0,
6,2661000,Kielce,2022,mid_year,184520.0,
6,2661000,Kielce,2022,year_end,183885.0,
6,2661000,Kielce,2023,mid_year,183147.0,
6,2661000,Kielce,2023,year_end,182295.0,
6,2661000,Kielce,2024,mid_year,181211.0,
6,2661000,Kielce,2024,year_end,180537.0,
6,2661000,Kielce,2025,mid_year,179694.0,
6,2661000,Kielce,2025,year_end,178837.0,
7,1261000,Kraków,1995,mid_year,745435.0,
7,1261000,Kraków,1995,year_end,744987.0,
7,1261000,Kraków,1996,mid_year,744781.0,
7,1261000,Kraków,1996,year_end,740675.0,
7,1261000,Kraków,1997,mid_year,739876.0,
7,1261000,Kraków,1997,year_end,740537.0,
7,1261000,Kraków,1998,mid_year,740465.0,
7,1261000,Kraków,1998,year_end,740666.0,
7,1261000,Kraków,1999,mid_year,739954.0,
7,1261000,Kraków,1999,year_end,755355.0,
7,1261000,Kraków,2000,mid_year,755132.0,
7,1261000,Kraków,2000,year_end,758715.0,
7,1261000,Kraków,2001,mid_year,759046.0,
7,1261000,Kraków,2001,year_end,757942.0,
7,1261000,Kraków,2002,mid_year,758564.0,
7,1261000,Kraków,2002,year_end,757547.0,
7,1261000,Kraków,2003,mid_year,757427.0,
7,1261000,Kraków,2003,year_end,757685.0,
7,1261000,Kraków,2004,mid_year,757957.0,
7,1261000,Kraków,2004,year_end,757430.0,
7,1261000,Kraków,2005,mid_year,757762.0,
7,1261000,Kraków,2005,year_end,756629.0,
7,1261000,Kraków,2006,mid_year,756757.0,
7,1261000,Kraków,2006,year_end,756267.0,
7,1261000,Kraków,2007,mid_year,756336.0,
7,1261000,Kraków,2007,year_end,756583.0,
7,1261000,Kraków,2008,mid_year,756441.0,
7,1261000,Kraków,2008,year_end,754624.0,
7,1261000,Kraków,2009,mid_year,754854.0,
7,1261000,Kraków,2009,year_end,755000.0,
7,1261000,Kraków,2010,mid_year,757103.0,
7,1261000,Kraków,2010,year_end,757740.0,
7,1261000,Kraków,2011,mid_year,758241.0,
7,1261000,Kraków,2011,year_end,759137.0,
7,1261000,Kraków,2012,mid_year,759131.0,
7,1261000,Kraków,2012,year_end,758334.0,
7,1261000,Kraków,2013,mid_year,758940.0,
7,1261000,Kraków,2013,year_end,758992.0,
7,1261000,Kraków,2014,mid_year,759800.0,
7,1261000,Kraków,2014,year_end,761873.0,
7,1261000,Kraków,2015,mid_year,762508.0,
7,1261000,Kraków,2015,year_end,761069.0,
7,1261000,Kraków,2016,mid_year,762448.0,
7,1261000,Kraków,2016,year_end,765320.0,
7,1261000,Kraków,2017,mid_year,766739.0,
7,1261000,Kraków,2017,year_end,767348.0,
7,1261000,Kraków,2018,mid_year,769498.0,
7,1261000,Kraków,2018,year_end,771069.0,
7,1261000,Kraków,2019,mid_year,774839.0,
7,1261000,Kraków,2019,year_end,779115.0,
7,1261000,Kraków,2020,mid_year,801546.0,
7,1261000,Kraków,2020,year_end,800531.0,
7,1261000,Kraków,2021,mid_year,801242.0,
7,1261000,Kraków,2021,year_end,802583.0,
7,1261000,Kraków,2022,mid_year,802781.0,
7,1261000,Kraków,2022,year_end,803282.0,
7,1261000,Kraków,2023,mid_year,804237.0,
7,1261000,Kraków,2023,year_end,806201.0,
7,1261000,Kraków,2024,mid_year,807644.0,
7,1261000,Kraków,2024,year_end,809168.0,
7,1261000,Kraków,2025,mid_year,810590.0,
7,1261000,Kraków,2025,year_end,816614.0,
8,0663000,Lublin,1995,mid_year,353300.0,
8,0663000,Lublin,1995,year_end,354552.0,
8,0663000,Lublin,1996,mid_year,354886.0,
8,0663000,Lublin,1996,year_end,355415.0,
8,0663000,Lublin,1997,mid_year,356064.0,
8,0663000,Lublin,1997,year_end,356010.0,
8,0663000,Lublin,1998,mid_year,356243.0,
8,0663000,Lublin,1998,year_end,356251.0,
8,0663000,Lublin,1999,mid_year,356468.0,
8,0663000,Lublin,1999,year_end,359154.0,
8,0663000,Lublin,2000,mid_year,359059.0,
8,0663000,Lublin,2000,year_end,358933.0,
8,0663000,Lublin,2001,mid_year,358896.0,
8,0663000,Lublin,2001,year_end,357156.0,
8,0663000,Lublin,2002,mid_year,357146.0,
8,0663000,Lublin,2002,year_end,358354.0,
8,0663000,Lublin,2003,mid_year,358079.0,
8,0663000,Lublin,2003,year_end,356563.0,
8,0663000,Lublin,2004,mid_year,355954.0,
8,0663000,Lublin,2004,year_end,355998.0,
8,0663000,Lublin,2005,mid_year,355544.0,
8,0663000,Lublin,2005,year_end,354967.0,
8,0663000,Lublin,2006,mid_year,354272.0,
8,0663000,Lublin,2006,year_end,353483.0,
8,0663000,Lublin,2007,mid_year,352786.0,
8,0663000,Lublin,2007,year_end,351806.0,
8,0663000,Lublin,2008,mid_year,351345.0,
8,0663000,Lublin,2008,year_end,350462.0,
8,0663000,Lublin,2009,mid_year,350392.0,
8,0663000,Lublin,2009,year_end,349440.0,
8,0663000,Lublin,2010,mid_year,349994.0,
8,0663000,Lublin,2010,year_end,349483.0,
8,0663000,Lublin,2011,mid_year,349060.0,
8,0663000,Lublin,2011,year_end,348567.0,
8,0663000,Lublin,2012,mid_year,348120.0,
8,0663000,Lublin,2012,year_end,347678.0,
8,0663000,Lublin,2013,mid_year,346987.0,
8,0663000,Lublin,2013,year_end,343598.0,
8,0663000,Lublin,2014,mid_year,343144.0,
8,0663000,Lublin,2014,year_end,341722.0,
8,0663000,Lublin,2015,mid_year,341368.0,
8,0663000,Lublin,2015,year_end,340727.0,
8,0663000,Lublin,2016,mid_year,340745.0,
8,0663000,Lublin,2016,year_end,340466.0,
8,0663000,Lublin,2017,mid_year,340230.0,
8,0663000,Lublin,2017,year_end,339850.0,
8,0663000,Lublin,2018,mid_year,339811.0,
8,0663000,Lublin,2018,year_end,339682.0,
8,0663000,Lublin,2019,mid_year,339770.0,
8,0663000,Lublin,2019,year_end,339784.0,
8,0663000,Lublin,2020,mid_year,336075.0,
8,0663000,Lublin,2020,year_end,335114.0,
8,0663000,Lublin,2021,mid_year,334301.0,
8,0663000,Lublin,2021,year_end,332852.0,
8,0663000,Lublin,2022,mid_year,331991.0,
8,0663000,Lublin,2022,year_end,331243.0,
8,0663000,Lublin,2023,mid_year,330447.0,
8,0663000,Lublin,2023,year_end,329565.0,
8,0663000,Lublin,2024,mid_year,328868.0,
8,0663000,Lublin,2024,year_end,328305.0,
8,0663000,Lublin,2025,mid_year,327384.0,
8,0663000,Lublin,2025,year_end,326685.0,
9,2862000,Olsztyn,1995,mid_year,167403.0,
9,2862000,Olsztyn,1995,year_end,167898.0,
9,2862000,Olsztyn,1996,mid_year,168295.0,
9,2862000,Olsztyn,1996,year_end,168711.0,
9,2862000,Olsztyn,1997,mid_year,169493.0,
9,2862000,Olsztyn,1997,year_end,169878.0,
9,2862000,Olsztyn,1998,mid_year,170556.0,
9,2862000,Olsztyn,1998,year_end,170904.0,
9,2862000,Olsztyn,1999,mid_year,171400.0,
9,2862000,Olsztyn,1999,year_end,171131.0,
9,2862000,Olsztyn,2000,mid_year,171508.0,
9,2862000,Olsztyn,2000,year_end,172843.0,
9,2862000,Olsztyn,2001,mid_year,173423.0,
9,2862000,Olsztyn,2001,year_end,172652.0,
9,2862000,Olsztyn,2002,mid_year,173144.0,
9,2862000,Olsztyn,2002,year_end,172467.0,
9,2862000,Olsztyn,2003,mid_year,172672.0,
9,2862000,Olsztyn,2003,year_end,173075.0,
9,2862000,Olsztyn,2004,mid_year,173350.0,
9,2862000,Olsztyn,2004,year_end,173850.0,
9,2862000,Olsztyn,2005,mid_year,173847.0,
9,2862000,Olsztyn,2005,year_end,174473.0,
9,2862000,Olsztyn,2006,mid_year,174693.0,
9,2862000,Olsztyn,2006,year_end,174941.0,
9,2862000,Olsztyn,2007,mid_year,175098.0,
9,2862000,Olsztyn,2007,year_end,175710.0,
9,2862000,Olsztyn,2008,mid_year,175843.0,
9,2862000,Olsztyn,2008,year_end,176142.0,
9,2862000,Olsztyn,2009,mid_year,176387.0,
9,2862000,Olsztyn,2009,year_end,176457.0,
9,2862000,Olsztyn,2010,mid_year,175447.0,
9,2862000,Olsztyn,2010,year_end,175388.0,
9,2862000,Olsztyn,2011,mid_year,175317.0,
9,2862000,Olsztyn,2011,year_end,175420.0,
9,2862000,Olsztyn,2012,mid_year,175482.0,
9,2862000,Olsztyn,2012,year_end,174641.0,
9,2862000,Olsztyn,2013,mid_year,174642.0,
9,2862000,Olsztyn,2013,year_end,174675.0,
9,2862000,Olsztyn,2014,mid_year,174775.0,
9,2862000,Olsztyn,2014,year_end,173831.0,
9,2862000,Olsztyn,2015,mid_year,174083.0,
9,2862000,Olsztyn,2015,year_end,173444.0,
9,2862000,Olsztyn,2016,mid_year,173599.0,
9,2862000,Olsztyn,2016,year_end,172993.0,
9,2862000,Olsztyn,2017,mid_year,172970.0,
9,2862000,Olsztyn,2017,year_end,173070.0,
9,2862000,Olsztyn,2018,mid_year,173125.0,
9,2862000,Olsztyn,2018,year_end,172362.0,
9,2862000,Olsztyn,2019,mid_year,172194.0,
9,2862000,Olsztyn,2019,year_end,171979.0,
9,2862000,Olsztyn,2020,mid_year,171310.0,
9,2862000,Olsztyn,2020,year_end,170706.0,
9,2862000,Olsztyn,2021,mid_year,170080.0,
9,2862000,Olsztyn,2021,year_end,169251.0,
9,2862000,Olsztyn,2022,mid_year,168803.0,
9,2862000,Olsztyn,2022,year_end,168212.0,
9,2862000,Olsztyn,2023,mid_year,167844.0,
9,2862000,Olsztyn,2023,year_end,167311.0,
9,2862000,Olsztyn,2024,mid_year,166697.0,
9,2862000,Olsztyn,2024,year_end,166392.0,
9,2862000,Olsztyn,2025,mid_year,165855.0,
9,2862000,Olsztyn,2025,year_end,165393.0,
10,1661000,Opole,1995,mid_year,130570.0,
10,1661000,Opole,1995,year_end,130219.0,
10,1661000,Opole,1996,mid_year,130158.0,
10,1661000,Opole,1996,year_end,130555.0,
10,1661000,Opole,1997,mid_year,130462.0,
10,1661000,Opole,1997,year_end,130119.0,
10,1661000,Opole,1998,mid_year,130121.0,
10,1661000,Opole,1998,year_end,129553.0,
10,1661000,Opole,1999,mid_year,129370.0,
10,1661000,Opole,1999,year_end,130969.0,
10,1661000,Opole,2000,mid_year,130842.0,
10,1661000,Opole,2000,year_end,130427.0,
10,1661000,Opole,2001,mid_year,130292.0,
10,1661000,Opole,2001,year_end,130091.0,
10,1661000,Opole,2002,mid_year,129844.0,
10,1661000,Opole,2002,year_end,129342.0,
10,1661000,Opole,2003,mid_year,129073.0,
10,1661000,Opole,2003,year_end,128827.0,
10,1661000,Opole,2004,mid_year,128686.0,
10,1661000,Opole,2004,year_end,128864.0,
10,1661000,Opole,2005,mid_year,128641.0,
10,1661000,Opole,2005,year_end,128268.0,
10,1661000,Opole,2006,mid_year,128034.0,
10,1661000,Opole,2006,year_end,127602.0,
10,1661000,Opole,2007,mid_year,127246.0,
10,1661000,Opole,2007,year_end,126748.0,
10,1661000,Opole,2008,mid_year,126382.0,
10,1661000,Opole,2008,year_end,126203.0,
10,1661000,Opole,2009,mid_year,125992.0,
10,1661000,Opole,2009,year_end,125792.0,
10,1661000,Opole,2010,mid_year,122668.0,
10,1661000,Opole,2010,year_end,122656.0,
10,1661000,Opole,2011,mid_year,122563.0,
10,1661000,Opole,2011,year_end,122439.0,
10,1661000,Opole,2012,mid_year,122120.0,
10,1661000,Opole,2012,year_end,121576.0,
10,1661000,Opole,2013,mid_year,121272.0,
10,1661000,Opole,2013,year_end,120146.0,
10,1661000,Opole,2014,mid_year,120031.0,
10,1661000,Opole,2014,year_end,119574.0,
10,1661000,Opole,2015,mid_year,119465.0,
10,1661000,Opole,2015,year_end,118931.0,
10,1661000,Opole,2016,mid_year,118938.0,
10,1661000,Opole,2016,year_end,118722.0,
10,1661000,Opole,2017,mid_year,128142.0,
10,1661000,Opole,2017,year_end,128140.0,
10,1661000,Opole,2018,mid_year,128224.0,
10,1661000,Opole,2018,year_end,128137.0,
10,1661000,Opole,2019,mid_year,128208.0,
10,1661000,Opole,2019,year_end,128035.0,
10,1661000,Opole,2020,mid_year,127713.0,
10,1661000,Opole,2020,year_end,127540.0,
10,1661000,Opole,2021,mid_year,127259.0,
10,1661000,Opole,2021,year_end,126775.0,
10,1661000,Opole,2022,mid_year,126623.0,
10,1661000,Opole,2022,year_end,126458.0,
10,1661000,Opole,2023,mid_year,126300.0,
10,1661000,Opole,2023,year_end,126077.0,
10,1661000,Opole,2024,mid_year,125812.0,
10,1661000,Opole,2024,year_end,125492.0,
10,1661000,Opole,2025,mid_year,125095.0,
10,1661000,Opole,2025,year_end,124563.0,
11,3064000,Poznań,1995,mid_year,581772.0,
11,3064000,Poznań,1995,year_end,581171.0,
11,3064000,Poznań,1996,mid_year,580828.0,
11,3064000,Poznań,1996,year_end,580831.0,
11,3064000,Poznań,1997,mid_year,579965.0,
11,3064000,Poznań,1997,year_end,580046.0,
11,3064000,Poznań,1998,mid_year,579299.0,
11,3064000,Poznań,1998,year_end,578235.0,
11,3064000,Poznań,1999,mid_year,577523.0,
11,3064000,Poznań,1999,year_end,584257.0,
11,3064000,Poznań,2000,mid_year,583362.0,
11,3064000,Poznań,2000,year_end,582254.0,
11,3064000,Poznań,2001,mid_year,581172.0,
11,3064000,Poznań,2001,year_end,579343.0,
11,3064000,Poznań,2002,mid_year,578577.0,
11,3064000,Poznań,2002,year_end,577117.0,
11,3064000,Poznań,2003,mid_year,575742.0,
11,3064000,Poznań,2003,year_end,574125.0,
11,3064000,Poznań,2004,mid_year,573003.0,
11,3064000,Poznań,2004,year_end,570778.0,
11,3064000,Poznań,2005,mid_year,570010.0,
11,3064000,Poznań,2005,year_end,567882.0,
11,3064000,Poznań,2006,mid_year,566546.0,
11,3064000,Poznań,2006,year_end,564951.0,
11,3064000,Poznań,2007,mid_year,564035.0,
11,3064000,Poznań,2007,year_end,560932.0,
11,3064000,Poznań,2008,mid_year,559458.0,
11,3064000,Poznań,2008,year_end,557264.0,
11,3064000,Poznań,2009,mid_year,556022.0,
11,3064000,Poznań,2009,year_end,554221.0,
11,3064000,Poznań,2010,mid_year,556722.0,
11,3064000,Poznań,2010,year_end,555614.0,
11,3064000,Poznań,2011,mid_year,554290.0,
11,3064000,Poznań,2011,year_end,553564.0,
11,3064000,Poznań,2012,mid_year,552393.0,
11,3064000,Poznań,2012,year_end,550742.0,
11,3064000,Poznań,2013,mid_year,549082.0,
11,3064000,Poznań,2013,year_end,548028.0,
11,3064000,Poznań,2014,mid_year,546829.0,
11,3064000,Poznań,2014,year_end,545680.0,
11,3064000,Poznań,2015,mid_year,544612.0,
11,3064000,Poznań,2015,year_end,542348.0,
11,3064000,Poznań,2016,mid_year,541561.0,
11,3064000,Poznań,2016,year_end,540372.0,
11,3064000,Poznań,2017,mid_year,539549.0,
11,3064000,Poznań,2017,year_end,538633.0,
11,3064000,Poznań,2018,mid_year,537643.0,
11,3064000,Poznań,2018,year_end,536438.0,
11,3064000,Poznań,2019,mid_year,535802.0,
11,3064000,Poznań,2019,year_end,534813.0,
11,3064000,Poznań,2020,mid_year,549559.0,
11,3064000,Poznań,2020,year_end,547777.0,
11,3064000,Poznań,2021,mid_year,546127.0,
11,3064000,Poznań,2021,year_end,545073.0,
11,3064000,Poznań,2022,mid_year,543347.0,
11,3064000,Poznań,2022,year_end,541316.0,
11,3064000,Poznań,2023,mid_year,540146.0,
11,3064000,Poznań,2023,year_end,538439.0,
11,3064000,Poznań,2024,mid_year,536818.0,
11,3064000,Poznań,2024,year_end,536151.0,
11,3064000,Poznań,2025,mid_year,534913.0,
11,3064000,Poznań,2025,year_end,534239.0,
12,1863000,Rzeszów,1995,mid_year,160342.0,
12,1863000,Rzeszów,1995,year_end,160271.0,
12,1863000,Rzeszów,1996,mid_year,160526.0,
12,1863000,Rzeszów,1996,year_end,160837.0,
12,1863000,Rzeszów,1997,mid_year,160944.0,
12,1863000,Rzeszów,1997,year_end,161267.0,
12,1863000,Rzeszów,1998,mid_year,161541.0,
12,1863000,Rzeszów,1998,year_end,162049.0,
12,1863000,Rzeszów,1999,mid_year,162273.0,
12,1863000,Rzeszów,1999,year_end,160601.0,
12,1863000,Rzeszów,2000,mid_year,160711.0,
12,1863000,Rzeszów,2000,year_end,160779.0,
12,1863000,Rzeszów,2001,mid_year,160819.0,
12,1863000,Rzeszów,2001,year_end,160431.0,
12,1863000,Rzeszów,2002,mid_year,160400.0,
12,1863000,Rzeszów,2002,year_end,159791.0,
12,1863000,Rzeszów,2003,mid_year,159649.0,
12,1863000,Rzeszów,2003,year_end,159088.0,
12,1863000,Rzeszów,2004,mid_year,158987.0,
12,1863000,Rzeszów,2004,year_end,159020.0,
12,1863000,Rzeszów,2005,mid_year,158935.0,
12,1863000,Rzeszów,2005,year_end,158539.0,
12,1863000,Rzeszów,2006,mid_year,163155.0,
12,1863000,Rzeszów,2006,year_end,163508.0,
12,1863000,Rzeszów,2007,mid_year,166684.0,
12,1863000,Rzeszów,2007,year_end,166454.0,
12,1863000,Rzeszów,2008,mid_year,171330.0,
12,1863000,Rzeszów,2008,year_end,170653.0,
12,1863000,Rzeszów,2009,mid_year,172813.0,
12,1863000,Rzeszów,2009,year_end,172770.0,
12,1863000,Rzeszów,2010,mid_year,178834.0,
12,1863000,Rzeszów,2010,year_end,179199.0,
12,1863000,Rzeszów,2011,mid_year,179634.0,
12,1863000,Rzeszów,2011,year_end,180031.0,
12,1863000,Rzeszów,2012,mid_year,180776.0,
12,1863000,Rzeszów,2012,year_end,182028.0,
12,1863000,Rzeszów,2013,mid_year,182520.0,
12,1863000,Rzeszów,2013,year_end,183108.0,
12,1863000,Rzeszów,2014,mid_year,183664.0,
12,1863000,Rzeszów,2014,year_end,185123.0,
12,1863000,Rzeszów,2015,mid_year,185706.0,
12,1863000,Rzeszów,2015,year_end,185896.0,
12,1863000,Rzeszów,2016,mid_year,187027.0,
12,1863000,Rzeszów,2016,year_end,187422.0,
12,1863000,Rzeszów,2017,mid_year,189111.0,
12,1863000,Rzeszów,2017,year_end,189662.0,
12,1863000,Rzeszów,2018,mid_year,190849.0,
12,1863000,Rzeszów,2018,year_end,191564.0,
12,1863000,Rzeszów,2019,mid_year,194886.0,
12,1863000,Rzeszów,2019,year_end,196208.0,
12,1863000,Rzeszów,2020,mid_year,194557.0,
12,1863000,Rzeszów,2020,year_end,194374.0,
12,1863000,Rzeszów,2021,mid_year,196241.0,
12,1863000,Rzeszów,2021,year_end,196374.0,
12,1863000,Rzeszów,2022,mid_year,196726.0,
12,1863000,Rzeszów,2022,year_end,197181.0,
12,1863000,Rzeszów,2023,mid_year,197536.0,
12,1863000,Rzeszów,2023,year_end,197268.0,
12,1863000,Rzeszów,2024,mid_year,197706.0,
12,1863000,Rzeszów,2024,year_end,198317.0,
12,1863000,Rzeszów,2025,mid_year,198540.0,
12,1863000,Rzeszów,2025,year_end,199436.0,
13,3262000,Szczecin,1995,mid_year,419272.0,
13,3262000,Szczecin,1995,year_end,418156.0,
13,3262000,Szczecin,1996,mid_year,417885.0,
13,3262000,Szczecin,1996,year_end,418826.0,
13,3262000,Szczecin,1997,mid_year,418673.0,
13,3262000,Szczecin,1997,year_end,418985.0,
13,3262000,Szczecin,1998,mid_year,418678.0,
13,3262000,Szczecin,1998,year_end,416988.0,
13,3262000,Szczecin,1999,mid_year,416682.0,
13,3262000,Szczecin,1999,year_end,416791.0,
13,3262000,Szczecin,2000,mid_year,416491.0,
13,3262000,Szczecin,2000,year_end,416657.0,
13,3262000,Szczecin,2001,mid_year,416325.0,
13,3262000,Szczecin,2001,year_end,415748.0,
13,3262000,Szczecin,2002,mid_year,415300.0,
13,3262000,Szczecin,2002,year_end,415117.0,
13,3262000,Szczecin,2003,mid_year,414685.0,
13,3262000,Szczecin,2003,year_end,414032.0,
13,3262000,Szczecin,2004,mid_year,413294.0,
13,3262000,Szczecin,2004,year_end,411900.0,
13,3262000,Szczecin,2005,mid_year,411453.0,
13,3262000,Szczecin,2005,year_end,411119.0,
13,3262000,Szczecin,2006,mid_year,410809.0,
13,3262000,Szczecin,2006,year_end,409068.0,
13,3262000,Szczecin,2007,mid_year,408583.0,
13,3262000,Szczecin,2007,year_end,407811.0,
13,3262000,Szczecin,2008,mid_year,407260.0,
13,3262000,Szczecin,2008,year_end,406941.0,
13,3262000,Szczecin,2009,mid_year,406427.0,
13,3262000,Szczecin,2009,year_end,406307.0,
13,3262000,Szczecin,2010,mid_year,410583.0,
13,3262000,Szczecin,2010,year_end,410245.0,
13,3262000,Szczecin,2011,mid_year,409906.0,
13,3262000,Szczecin,2011,year_end,409596.0,
13,3262000,Szczecin,2012,mid_year,409211.0,
13,3262000,Szczecin,2012,year_end,408913.0,
13,3262000,Szczecin,2013,mid_year,408502.0,
13,3262000,Szczecin,2013,year_end,408172.0,
13,3262000,Szczecin,2014,mid_year,408105.0,
13,3262000,Szczecin,2014,year_end,407180.0,
13,3262000,Szczecin,2015,mid_year,407043.0,
13,3262000,Szczecin,2015,year_end,405657.0,
13,3262000,Szczecin,2016,mid_year,405413.0,
13,3262000,Szczecin,2016,year_end,404878.0,
13,3262000,Szczecin,2017,mid_year,404403.0,
13,3262000,Szczecin,2017,year_end,403883.0,
13,3262000,Szczecin,2018,mid_year,403274.0,
13,3262000,Szczecin,2018,year_end,402465.0,
13,3262000,Szczecin,2019,mid_year,402067.0,
13,3262000,Szczecin,2019,year_end,401907.0,
13,3262000,Szczecin,2020,mid_year,400024.0,
13,3262000,Szczecin,2020,year_end,397289.0,
13,3262000,Szczecin,2021,mid_year,395441.0,
13,3262000,Szczecin,2021,year_end,394482.0,
13,3262000,Szczecin,2022,mid_year,393028.0,
13,3262000,Szczecin,2022,year_end,391566.0,
13,3262000,Szczecin,2023,mid_year,390278.0,
13,3262000,Szczecin,2023,year_end,389066.0,
13,3262000,Szczecin,2024,mid_year,387700.0,
13,3262000,Szczecin,2024,year_end,386706.0,
13,3262000,Szczecin,2025,mid_year,385158.0,
13,3262000,Szczecin,2025,year_end,383786.0,
14,1465000,Warszawa,1995,mid_year,,
14,1465000,Warszawa,1995,year_end,,
14,1465000,Warszawa,1996,mid_year,,
14,1465000,Warszawa,1996,year_end,,
14,1465000,Warszawa,1997,mid_year,,
14,1465000,Warszawa,1997,year_end,,
14,1465000,Warszawa,1998,mid_year,,
14,1465000,Warszawa,1998,year_end,,
14,1465000,Warszawa,1999,mid_year,,
14,1465000,Warszawa,1999,year_end,,
14,1465000,Warszawa,2000,mid_year,,
14,1465000,Warszawa,2000,year_end,,
14,1465000,Warszawa,2001,mid_year,,
14,1465000,Warszawa,2001,year_end,,
14,1465000,Warszawa,2002,mid_year,1688944.0,
14,1465000,Warszawa,2002,year_end,1688194.0,
14,1465000,Warszawa,2003,mid_year,1688300.0,
14,1465000,Warszawa,2003,year_end,1689559.0,
14,1465000,Warszawa,2004,mid_year,1690821.0,
14,1465000,Warszawa,2004,year_end,1692854.0,
14,1465000,Warszawa,2005,mid_year,1694825.0,
14,1465000,Warszawa,2005,year_end,1697596.0,
14,1465000,Warszawa,2006,mid_year,1700536.0,
14,1465000,Warszawa,2006,year_end,1702139.0,
14,1465000,Warszawa,2007,mid_year,1704717.0,
14,1465000,Warszawa,2007,year_end,1706624.0,
14,1465000,Warszawa,2008,mid_year,1707981.0,
14,1465000,Warszawa,2008,year_end,1709781.0,
14,1465000,Warszawa,2009,mid_year,1711466.0,
14,1465000,Warszawa,2009,year_end,1714446.0,
14,1465000,Warszawa,2010,mid_year,1696569.0,
14,1465000,Warszawa,2010,year_end,1700112.0,
14,1465000,Warszawa,2011,mid_year,1703163.0,
14,1465000,Warszawa,2011,year_end,1708491.0,
14,1465000,Warszawa,2012,mid_year,1711324.0,
14,1465000,Warszawa,2012,year_end,1715517.0,
14,1465000,Warszawa,2013,mid_year,1718219.0,
14,1465000,Warszawa,2013,year_end,1724404.0,
14,1465000,Warszawa,2014,mid_year,1729119.0,
14,1465000,Warszawa,2014,year_end,1735442.0,
14,1465000,Warszawa,2015,mid_year,1739586.0,
14,1465000,Warszawa,2015,year_end,1744351.0,
14,1465000,Warszawa,2016,mid_year,1748916.0,
14,1465000,Warszawa,2016,year_end,1753977.0,
14,1465000,Warszawa,2017,mid_year,1758143.0,
14,1465000,Warszawa,2017,year_end,1764615.0,
14,1465000,Warszawa,2018,mid_year,1769529.0,
14,1465000,Warszawa,2018,year_end,1777972.0,
14,1465000,Warszawa,2019,mid_year,1783321.0,
14,1465000,Warszawa,2019,year_end,1790658.0,
14,1465000,Warszawa,2020,mid_year,1861187.0,
14,1465000,Warszawa,2020,year_end,1861774.0,
14,1465000,Warszawa,2021,mid_year,1860205.0,
14,1465000,Warszawa,2021,year_end,1863056.0,
14,1465000,Warszawa,2022,mid_year,1862345.0,
14,1465000,Warszawa,2022,year_end,1861975.0,
14,1465000,Warszawa,2023,mid_year,1861644.0,
14,1465000,Warszawa,2023,year_end,1861599.0,
14,1465000,Warszawa,2024,mid_year,1862402.0,
14,1465000,Warszawa,2024,year_end,1863845.0,
14,1465000,Warszawa,2025,mid_year,1864035.0,
14,1465000,Warszawa,2025,year_end,1866729.0,
15,0264000,Wrocław,1995,mid_year,642671.0,
15,0264000,Wrocław,1995,year_end,641974.0,
15,0264000,Wrocław,1996,mid_year,642084.0,
15,0264000,Wrocław,1996,year_end,640600.0,
15,0264000,Wrocław,1997,mid_year,640509.0,
15,0264000,Wrocław,1997,year_end,639399.0,
15,0264000,Wrocław,1998,mid_year,638956.0,
15,0264000,Wrocław,1998,year_end,637877.0,
15,0264000,Wrocław,1999,mid_year,637232.0,
15,0264000,Wrocław,1999,year_end,643522.0,
15,0264000,Wrocław,2000,mid_year,642730.0,
15,0264000,Wrocław,2000,year_end,640614.0,
15,0264000,Wrocław,2001,mid_year,640644.0,
15,0264000,Wrocław,2001,year_end,640804.0,
15,0264000,Wrocław,2002,mid_year,640327.0,
15,0264000,Wrocław,2002,year_end,639150.0,
15,0264000,Wrocław,2003,mid_year,638459.0,
15,0264000,Wrocław,2003,year_end,637548.0,
15,0264000,Wrocław,2004,mid_year,636854.0,
15,0264000,Wrocław,2004,year_end,636268.0,
15,0264000,Wrocław,2005,mid_year,636095.0,
15,0264000,Wrocław,2005,year_end,635932.0,
15,0264000,Wrocław,2006,mid_year,635280.0,
15,0264000,Wrocław,2006,year_end,634630.0,
15,0264000,Wrocław,2007,mid_year,633950.0,
15,0264000,Wrocław,2007,year_end,632930.0,
15,0264000,Wrocław,2008,mid_year,632803.0,
15,0264000,Wrocław,2008,year_end,632162.0,
15,0264000,Wrocław,2009,mid_year,632240.0,
15,0264000,Wrocław,2009,year_end,632146.0,
15,0264000,Wrocław,2010,mid_year,630256.0,
15,0264000,Wrocław,2010,year_end,630691.0,
15,0264000,Wrocław,2011,mid_year,630583.0,
15,0264000,Wrocław,2011,year_end,631235.0,
15,0264000,Wrocław,2012,mid_year,631377.0,
15,0264000,Wrocław,2012,year_end,631188.0,
15,0264000,Wrocław,2013,mid_year,631263.0,
15,0264000,Wrocław,2013,year_end,632067.0,
15,0264000,Wrocław,2014,mid_year,633105.0,
15,0264000,Wrocław,2014,year_end,634487.0,
15,0264000,Wrocław,2015,mid_year,634404.0,
15,0264000,Wrocław,2015,year_end,635759.0,
15,0264000,Wrocław,2016,mid_year,637075.0,
15,0264000,Wrocław,2016,year_end,637683.0,
15,0264000,Wrocław,2017,mid_year,638364.0,
15,0264000,Wrocław,2017,year_end,638586.0,
15,0264000,Wrocław,2018,mid_year,639258.0,
15,0264000,Wrocław,2018,year_end,640648.0,
15,0264000,Wrocław,2019,mid_year,641607.0,
15,0264000,Wrocław,2019,year_end,642869.0,
15,0264000,Wrocław,2020,mid_year,675446.0,
15,0264000,Wrocław,2020,year_end,673592.0,
15,0264000,Wrocław,2021,mid_year,672826.0,
15,0264000,Wrocław,2021,year_end,674312.0,
15,0264000,Wrocław,2022,mid_year,673923.0,
15,0264000,Wrocław,2022,year_end,674079.0,
15,0264000,Wrocław,2023,mid_year,674132.0,
15,0264000,Wrocław,2023,year_end,673743.0,
15,0264000,Wrocław,2024,mid_year,673531.0,
15,0264000,Wrocław,2024,year_end,672882.0,
15,0264000,Wrocław,2025,mid_year,672545.0,
15,0264000,Wrocław,2025,year_end,672601.0,
16,0862000,Zielona Góra,1995,mid_year,116073.0,
16,0862000,Zielona Góra,1995,year_end,116329.0,
16,0862000,Zielona Góra,1996,mid_year,116627.0,
16,0862000,Zielona Góra,1996,year_end,117364.0,
16,0862000,Zielona Góra,1997,mid_year,117506.0,
16,0862000,Zielona Góra,1997,year_end,117850.0,
16,0862000,Zielona Góra,1998,mid_year,117879.0,
16,0862000,Zielona Góra,1998,year_end,118182.0,
16,0862000,Zielona Góra,1999,mid_year,118244.0,
16,0862000,Zielona Góra,1999,year_end,117902.0,
16,0862000,Zielona Góra,2000,mid_year,118000.0,
16,0862000,Zielona Góra,2000,year_end,118103.0,
16,0862000,Zielona Góra,2001,mid_year,118195.0,
16,0862000,Zielona Góra,2001,year_end,118268.0,
16,0862000,Zielona Góra,2002,mid_year,118296.0,
16,0862000,Zielona Góra,2002,year_end,118362.0,
16,0862000,Zielona Góra,2003,mid_year,118319.0,
16,0862000,Zielona Góra,2003,year_end,118730.0,
16,0862000,Zielona Góra,2004,mid_year,118707.0,
16,0862000,Zielona Góra,2004,year_end,118516.0,
16,0862000,Zielona Góra,2005,mid_year,118411.0,
16,0862000,Zielona Góra,2005,year_end,118221.0,
16,0862000,Zielona Góra,2006,mid_year,118201.0,
16,0862000,Zielona Góra,2006,year_end,118115.0,
16,0862000,Zielona Góra,2007,mid_year,118045.0,
16,0862000,Zielona Góra,2007,year_end,117523.0,
16,0862000,Zielona Góra,2008,mid_year,117406.0,
16,0862000,Zielona Góra,2008,year_end,117557.0,
16,0862000,Zielona Góra,2009,mid_year,117557.0,
16,0862000,Zielona Góra,2009,year_end,117503.0,
16,0862000,Zielona Góra,2010,mid_year,118796.0,
16,0862000,Zielona Góra,2010,year_end,118950.0,
16,0862000,Zielona Góra,2011,mid_year,119119.0,
16,0862000,Zielona Góra,2011,year_end,119197.0,
16,0862000,Zielona Góra,2012,mid_year,119182.0,
16,0862000,Zielona Góra,2012,year_end,119023.0,
16,0862000,Zielona Góra,2013,mid_year,119069.0,
16,0862000,Zielona Góra,2013,year_end,118405.0,
16,0862000,Zielona Góra,2014,mid_year,118706.0,
16,0862000,Zielona Góra,2014,year_end,118920.0,
16,0862000,Zielona Góra,2015,mid_year,138763.0,
16,0862000,Zielona Góra,2015,year_end,138711.0,
16,0862000,Zielona Góra,2016,mid_year,138898.0,
16,0862000,Zielona Góra,2016,year_end,139330.0,
16,0862000,Zielona Góra,2017,mid_year,139560.0,
16,0862000,Zielona Góra,2017,year_end,139819.0,
16,0862000,Zielona Góra,2018,mid_year,140113.0,
16,0862000,Zielona Góra,2018,year_end,140297.0,
16,0862000,Zielona Góra,2019,mid_year,140874.0,
16,0862000,Zielona Góra,2019,year_end,141222.0,
16,0862000,Zielona Góra,2020,mid_year,140536.0,
16,0862000,Zielona Góra,2020,year_end,140148.0,
16,0862000,Zielona Góra,2021,mid_year,139972.0,
16,0862000,Zielona Góra,2021,year_end,139667.0,
16,0862000,Zielona Góra,2022,mid_year,139503.0,
16,0862000,Zielona Góra,2022,year_end,139278.0,
16,0862000,Zielona Góra,2023,mid_year,139132.0,
16,0862000,Zielona Góra,2023,year_end,138932.0,
16,0862000,Zielona Góra,2024,mid_year,138887.0,
16,0862000,Zielona Góra,2024,year_end,138869.0,
16,0862000,Zielona Góra,2025,mid_year,138760.0,
16,0862000,Zielona Góra,2025,year_end,138476.0,
17,1061000,Łódź,1995,mid_year,825615.0,
17,1061000,Łódź,1995,year_end,823215.0,
17,1061000,Łódź,1996,mid_year,820350.0,
17,1061000,Łódź,1996,year_end,817983.0,
17,1061000,Łódź,1997,mid_year,815271.0,
17,1061000,Łódź,1997,year_end,812317.0,
17,1061000,Łódź,1998,mid_year,809770.0,
17,1061000,Łódź,1998,year_end,806728.0,
17,1061000,Łódź,1999,mid_year,803375.0,
17,1061000,Łódź,1999,year_end,805311.0,
17,1061000,Łódź,2000,mid_year,801883.0,
17,1061000,Łódź,2000,year_end,798418.0,
17,1061000,Łódź,2001,mid_year,795398.0,
17,1061000,Łódź,2001,year_end,791727.0,
17,1061000,Łódź,2002,mid_year,788784.0,
17,1061000,Łódź,2002,year_end,785134.0,
17,1061000,Łódź,2003,mid_year,781932.0,
17,1061000,Łódź,2003,year_end,779129.0,
17,1061000,Łódź,2004,mid_year,776297.0,
17,1061000,Łódź,2004,year_end,774004.0,
17,1061000,Łódź,2005,mid_year,770751.0,
17,1061000,Łódź,2005,year_end,767628.0,
17,1061000,Łódź,2006,mid_year,764168.0,
17,1061000,Łódź,2006,year_end,760251.0,
17,1061000,Łódź,2007,mid_year,756666.0,
17,1061000,Łódź,2007,year_end,753192.0,
17,1061000,Łódź,2008,mid_year,750125.0,
17,1061000,Łódź,2008,year_end,747152.0,
17,1061000,Łódź,2009,mid_year,744541.0,
17,1061000,Łódź,2009,year_end,742387.0,
17,1061000,Łódź,2010,mid_year,733367.0,
17,1061000,Łódź,2010,year_end,730633.0,
17,1061000,Łódź,2011,mid_year,727884.0,
17,1061000,Łódź,2011,year_end,725055.0,
17,1061000,Łódź,2012,mid_year,722022.0,
17,1061000,Łódź,2012,year_end,718960.0,
17,1061000,Łódź,2013,mid_year,715360.0,
17,1061000,Łódź,2013,year_end,711332.0,
17,1061000,Łódź,2014,mid_year,708554.0,
17,1061000,Łódź,2014,year_end,706004.0,
17,1061000,Łódź,2015,mid_year,703186.0,
17,1061000,Łódź,2015,year_end,700982.0,
17,1061000,Łódź,2016,mid_year,698688.0,
17,1061000,Łódź,2016,year_end,696503.0,
17,1061000,Łódź,2017,mid_year,693797.0,
17,1061000,Łódź,2017,year_end,690422.0,
17,1061000,Łódź,2018,mid_year,687702.0,
17,1061000,Łódź,2018,year_end,685285.0,
17,1061000,Łódź,2019,mid_year,682679.0,
17,1061000,Łódź,2019,year_end,679941.0,
17,1061000,Łódź,2020,mid_year,678104.0,
17,1061000,Łódź,2020,year_end,673003.0,
17,1061000,Łódź,2021,mid_year,668712.0,
17,1061000,Łódź,2021,year_end,664860.0,
17,1061000,Łódź,2022,mid_year,661329.0,
17,1061000,Łódź,2022,year_end,658444.0,
17,1061000,Łódź,2023,mid_year,655279.0,
17,1061000,Łódź,2023,year_end,652015.0,
17,1061000,Łódź,2024,mid_year,648711.0,
17,1061000,Łódź,2024,year_end,645693.0,
17,1061000,Łódź,2025,mid_year,642590.0,
17,1061000,Łódź,2025,year_end,639890.0,
