geography,geography_type,nbp_period,nbp_year,nbp_quarter,nbp_period_order,hedonic_qoq_index,hedonic_yoy_index,nbp_period_source
Białystok,city,2007Q1,2007,1,20071,117.5396396166473,,I 2007
Bydgoszcz,city,2007Q1,2007,1,20071,128.81097560975613,,I 2007
Katowice,city,2007Q1,2007,1,20071,129.48789308919402,,I 2007
Kielce,city,2007Q1,2007,1,20071,115.1500365077697,,I 2007
Kraków,city,2007Q1,2007,1,20071,95.46287997671078,,I 2007
Lublin,city,2007Q1,2007,1,20071,117.26892616894264,,I 2007
Olsztyn,city,2007Q1,2007,1,20071,100.65286692417514,,I 2007
Opole,city,2007Q1,2007,1,20071,,,I 2007
Poznań,city,2007Q1,2007,1,20071,106.92194403534607,,I 2007
Rzeszów,city,2007Q1,2007,1,20071,115.05235602094241,,I 2007
Szczecin,city,2007Q1,2007,1,20071,125.75404842201863,,I 2007
Trójmiasto,city_group,2007Q1,2007,1,20071,108.58893655313702,,I 2007
Warszawa,city,2007Q1,2007,1,20071,109.74151069485347,,I 2007
Wrocław,city,2007Q1,2007,1,20071,107.62540998113026,,I 2007
Zielona Góra,city,2007Q1,2007,1,20071,98.24347464355975,,I 2007
Łódź,city,2007Q1,2007,1,20071,145.69569963517526,,I 2007
Białystok,city,2008Q1,2008,1,20081,98.59512547691536,124.25183021678512,I 2008
Bydgoszcz,city,2008Q1,2008,1,20081,102.86885245901641,118.81656804733728,I 2008
Katowice,city,2008Q1,2008,1,20081,96.29622958194707,104.98814601811853,I 2008
Kielce,city,2008Q1,2008,1,20081,104.67425673869235,135.65525013409788,I 2008
Kraków,city,2008Q1,2008,1,20081,96.77581950068578,107.20706104637729,I 2008
Lublin,city,2008Q1,2008,1,20081,100.59482617802782,135.9072187023858,I 2008
Olsztyn,city,2008Q1,2008,1,20081,103.4792191636794,129.8846819588693,I 2008
Opole,city,2008Q1,2008,1,20081,97.69008640240341,,I 2008
Poznań,city,2008Q1,2008,1,20081,106.42201834862387,143.801652892562,I 2008
Rzeszów,city,2008Q1,2008,1,20081,91.421143847487,120.02275312855517,I 2008
Szczecin,city,2008Q1,2008,1,20081,100.23654615514543,117.14336660668441,I 2008
Trójmiasto,city_group,2008Q1,2008,1,20081,95.4403813014569,124.96538663607959,I 2008
Warszawa,city,2008Q1,2008,1,20081,98.95548119884957,113.56580792896736,I 2008
Wrocław,city,2008Q1,2008,1,20081,98.4362847808461,103.72684040044633,I 2008
Zielona Góra,city,2008Q1,2008,1,20081,98.79350968731721,136.61790719761285,I 2008
Łódź,city,2008Q1,2008,1,20081,95.54182444311719,114.92888484082104,I 2008
Białystok,city,2009Q1,2009,1,20091,96.3671875,96.7456891890241,I 2009
Bydgoszcz,city,2009Q1,2009,1,20091,98.41740850642928,99.1035856573705,I 2009
Katowice,city,2009Q1,2009,1,20091,84.1008252634739,118.95732112450257,I 2009
Kielce,city,2009Q1,2009,1,20091,94.5198404392907,95.60493438750831,I 2009
Kraków,city,2009Q1,2009,1,20091,89.60062221012024,88.02281690591475,I 2009
Lublin,city,2009Q1,2009,1,20091,100.283405850772,101.38877225307405,I 2009
Olsztyn,city,2009Q1,2009,1,20091,98.8902255088429,91.78991473834085,I 2009
Opole,city,2009Q1,2009,1,20091,84.51330479270347,86.92766367842795,I 2009
Poznań,city,2009Q1,2009,1,20091,97.45222929936304,87.9310344827586,I 2009
Rzeszów,city,2009Q1,2009,1,20091,95.56786703601108,98.10426540284361,I 2009
Szczecin,city,2009Q1,2009,1,20091,100.28076330051053,98.15577058580187,I 2009
Trójmiasto,city_group,2009Q1,2009,1,20091,101.54040203628465,97.70715394802248,I 2009
Warszawa,city,2009Q1,2009,1,20091,92.841675013117,91.79938644823928,I 2009
Wrocław,city,2009Q1,2009,1,20091,99.34734642314324,98.70405298253118,I 2009
Zielona Góra,city,2009Q1,2009,1,20091,102.26879437851449,95.18221848216825,I 2009
Łódź,city,2009Q1,2009,1,20091,94.3229280047523,96.70481624911129,I 2009
Białystok,city,2010Q1,2010,1,20101,103.74331550802138,98.2975273611674,I 2010
Bydgoszcz,city,2010Q1,2010,1,20101,95.9047619047619,101.20603015075378,I 2010
Katowice,city,2010Q1,2010,1,20101,111.22338737799787,107.98624662225697,I 2010
Kielce,city,2010Q1,2010,1,20101,99.06614844459779,103.23125853468775,I 2010
Kraków,city,2010Q1,2010,1,20101,105.92508413782072,112.23087519437505,I 2010
Lublin,city,2010Q1,2010,1,20101,98.24570841146823,100.39337469526339,I 2010
Olsztyn,city,2010Q1,2010,1,20101,99.92228597873101,101.56859375680666,I 2010
Opole,city,2010Q1,2010,1,20101,100.3977845148066,109.73863220752563,I 2010
Poznań,city,2010Q1,2010,1,20101,96.62162162162163,93.4640522875817,I 2010
Rzeszów,city,2010Q1,2010,1,20101,103.09777347531461,102.89855072463767,I 2010
Szczecin,city,2010Q1,2010,1,20101,96.55661182417842,95.04324862956804,I 2010
Trójmiasto,city_group,2010Q1,2010,1,20101,100.29650502358507,94.19190111887468,I 2010
Warszawa,city,2010Q1,2010,1,20101,102.76346440829876,103.76948260893859,I 2010
Wrocław,city,2010Q1,2010,1,20101,102.30811818271147,103.48992404685686,I 2010
Zielona Góra,city,2010Q1,2010,1,20101,104.21371998724929,98.1578508195622,I 2010
Łódź,city,2010Q1,2010,1,20101,101.75958247340316,99.4848519164361,I 2010
Białystok,city,2011Q1,2011,1,20111,99.48559670781893,99.69072164948454,I 2011
Bydgoszcz,city,2011Q1,2011,1,20111,101.84466019417475,104.1708043694141,I 2011
Katowice,city,2011Q1,2011,1,20111,101.44927536231884,95.21024711546123,I 2011
Kielce,city,2011Q1,2011,1,20111,101.97603404732136,105.01427959855427,I 2011
Kraków,city,2011Q1,2011,1,20111,106.17557267336359,101.80557104909511,I 2011
Lublin,city,2011Q1,2011,1,20111,102.28440240344081,106.00615927348535,I 2011
Olsztyn,city,2011Q1,2011,1,20111,104.41299790356393,101.17543392023605,I 2011
Opole,city,2011Q1,2011,1,20111,104.99529828863128,108.94621338419957,I 2011
Poznań,city,2011Q1,2011,1,20111,93.14082887172856,102.4765034965035,I 2011
Rzeszów,city,2011Q1,2011,1,20111,102.40518038852915,103.94366197183098,I 2011
Szczecin,city,2011Q1,2011,1,20111,98.55466888711285,99.11729898973974,I 2011
Trójmiasto,city_group,2011Q1,2011,1,20111,99.6673361383692,95.04917128908745,I 2011
Warszawa,city,2011Q1,2011,1,20111,98.28831194467104,97.05413471729842,I 2011
Wrocław,city,2011Q1,2011,1,20111,101.04032903834752,99.74008169693293,I 2011
Zielona Góra,city,2011Q1,2011,1,20111,98.0806142034549,105.25231719876417,I 2011
Łódź,city,2011Q1,2011,1,20111,106.4056779430312,103.86680305960967,I 2011
Białystok,city,2012Q1,2012,1,20121,103.84615384615385,103.30920372285419,I 2012
Bydgoszcz,city,2012Q1,2012,1,20121,95.68204121687928,92.94566253574833,I 2012
Katowice,city,2012Q1,2012,1,20121,99.00891972249752,95.14285714285715,I 2012
Kielce,city,2012Q1,2012,1,20121,98.40162754814035,98.2236205220602,I 2012
Kraków,city,2012Q1,2012,1,20121,105.53070340834805,100.62131436048507,I 2012
Lublin,city,2012Q1,2012,1,20121,96.27335978711993,95.27718057221057,I 2012
Olsztyn,city,2012Q1,2012,1,20121,99.86606222954873,97.30950707760265,I 2012
Opole,city,2012Q1,2012,1,20121,94.4580002916183,102.01125766498198,I 2012
Poznań,city,2012Q1,2012,1,20121,101.6344108129728,100.74660357641821,I 2012
Rzeszów,city,2012Q1,2012,1,20121,98.86363636363636,102.1680216802168,I 2012
Szczecin,city,2012Q1,2012,1,20121,105.6564298839139,92.49763124880938,I 2012
Trójmiasto,city_group,2012Q1,2012,1,20121,97.92639721746525,94.44562103492159,I 2012
Warszawa,city,2012Q1,2012,1,20121,99.46823976450679,99.33145881370564,I 2012
Wrocław,city,2012Q1,2012,1,20121,101.91339375629407,97.76512651090442,I 2012
Zielona Góra,city,2012Q1,2012,1,20121,121.74863387978144,109.00195694716244,I 2012
Łódź,city,2012Q1,2012,1,20121,99.16244442146626,94.75348285742517,I 2012
Białystok,city,2013Q1,2013,1,20131,100.98360655737706,92.49249249249249,I 2013
Bydgoszcz,city,2013Q1,2013,1,20131,100.5324813631523,96.82051282051283,I 2013
Katowice,city,2013Q1,2013,1,20131,96.29093383007327,95.03789865510734,I 2013
Kielce,city,2013Q1,2013,1,20131,96.73302711782416,92.54668385163185,I 2013
Kraków,city,2013Q1,2013,1,20131,93.38112074152968,87.8961678800976,I 2013
Lublin,city,2013Q1,2013,1,20131,97.56368602008726,93.70492104489291,I 2013
Olsztyn,city,2013Q1,2013,1,20131,98.41509433962264,94.17105127411533,I 2013
Opole,city,2013Q1,2013,1,20131,106.82039417691853,102.08146506829026,I 2013
Poznań,city,2013Q1,2013,1,20131,89.01774163211552,89.78899377242486,I 2013
Rzeszów,city,2013Q1,2013,1,20131,96.9298245614035,97.70114942528735,I 2013
Szczecin,city,2013Q1,2013,1,20131,95.75366583649108,95.60833205349243,I 2013
Trójmiasto,city_group,2013Q1,2013,1,20131,98.57350840606206,91.90126626783388,I 2013
Warszawa,city,2013Q1,2013,1,20131,98.90893800772031,94.07326541066415,I 2013
Wrocław,city,2013Q1,2013,1,20131,93.1842385516507,86.46245059288538,I 2013
Zielona Góra,city,2013Q1,2013,1,20131,97.7710233029382,86.62477558348294,I 2013
Łódź,city,2013Q1,2013,1,20131,95.97751818382191,90.8133472367049,I 2013
Białystok,city,2014Q1,2014,1,20141,101.19047619047619,101.19047619047619,I 2014
Bydgoszcz,city,2014Q1,2014,1,20141,97.72234273318871,95.44491525423727,I 2014
Katowice,city,2014Q1,2014,1,20141,107.4937022593982,104.68717725438201,I 2014
Kielce,city,2014Q1,2014,1,20141,99.48495363097493,101.69905267849488,I 2014
Kraków,city,2014Q1,2014,1,20141,96.57215109039208,97.3241860934773,I 2014
Lublin,city,2014Q1,2014,1,20141,100.81118747243664,100.50533760808608,I 2014
Olsztyn,city,2014Q1,2014,1,20141,99.11033958988824,100.07668711656441,I 2014
Opole,city,2014Q1,2014,1,20141,103.99116948459637,100.24506530205986,I 2014
Poznań,city,2014Q1,2014,1,20141,102.91435874691743,101.05895290275943,I 2014
Rzeszów,city,2014Q1,2014,1,20141,99.04430929626412,103.16742081447966,I 2014
Szczecin,city,2014Q1,2014,1,20141,102.14958040600222,102.27009325322108,I 2014
Trójmiasto,city_group,2014Q1,2014,1,20141,99.29350665920683,101.77538307513419,I 2014
Warszawa,city,2014Q1,2014,1,20141,98.75657757779905,98.38198213170422,I 2014
Wrocław,city,2014Q1,2014,1,20141,101.94285714285714,101.94285714285714,I 2014
Zielona Góra,city,2014Q1,2014,1,20141,90.70254306719114,96.27980680553378,I 2014
Łódź,city,2014Q1,2014,1,20141,105.22648083623693,104.03031346882534,I 2014
Białystok,city,2015Q1,2015,1,20151,101.87224669603525,98.93048128342245,I 2015
Bydgoszcz,city,2015Q1,2015,1,20151,101.07296137339057,104.55049944506105,I 2015
Katowice,city,2015Q1,2015,1,20151,101.20332006127452,105.42185215926673,I 2015
Kielce,city,2015Q1,2015,1,20151,98.68863107666222,96.99405816395665,I 2015
Kraków,city,2015Q1,2015,1,20151,99.65937191005627,105.9463077321378,I 2015
Lublin,city,2015Q1,2015,1,20151,97.74976122757484,99.00757569705247,I 2015
Olsztyn,city,2015Q1,2015,1,20151,105.12644467330358,100.56923918992885,I 2015
Opole,city,2015Q1,2015,1,20151,99.81877947641196,98.10398632426103,I 2015
Poznań,city,2015Q1,2015,1,20151,98.86559702653781,103.87098229885157,I 2015
Rzeszów,city,2015Q1,2015,1,20151,99.73913043478261,100.61403508771932,I 2015
Szczecin,city,2015Q1,2015,1,20151,99.41418833074133,99.38964886996634,I 2015
Trójmiasto,city_group,2015Q1,2015,1,20151,103.44988744234638,106.27227024230686,I 2015
Warszawa,city,2015Q1,2015,1,20151,98.65308575645444,101.98046186975918,I 2015
Wrocław,city,2015Q1,2015,1,20151,103.87685290763966,102.13004484304933,I 2015
Zielona Góra,city,2015Q1,2015,1,20151,104.69633413118378,103.07559775747777,I 2015
Łódź,city,2015Q1,2015,1,20151,101.7057321884428,96.74392935982341,I 2015
Białystok,city,2016Q1,2016,1,20161,100.65005417118094,100.43243243243242,I 2016
Bydgoszcz,city,2016Q1,2016,1,20161,100.52301255230125,102.01698513800423,I 2016
Katowice,city,2016Q1,2016,1,20161,102.542039567768,100.14307093880275,I 2016
Kielce,city,2016Q1,2016,1,20161,97.14838079157074,96.19913535614802,I 2016
Kraków,city,2016Q1,2016,1,20161,99.50487223484342,98.58242716183062,I 2016
Lublin,city,2016Q1,2016,1,20161,98.8841550010144,101.26704278810197,I 2016
Olsztyn,city,2016Q1,2016,1,20161,100.24760469372376,101.36061826493959,I 2016
Opole,city,2016Q1,2016,1,20161,96.38630327705087,99.54509652363157,I 2016
Poznań,city,2016Q1,2016,1,20161,100.1496007054308,101.2655615511237,I 2016
Rzeszów,city,2016Q1,2016,1,20161,99.6554694229113,100.871839581517,I 2016
Szczecin,city,2016Q1,2016,1,20161,102.11501207144576,99.26944541828769,I 2016
Trójmiasto,city_group,2016Q1,2016,1,20161,96.13713942168059,97.34228628933252,I 2016
Warszawa,city,2016Q1,2016,1,20161,98.62442683363379,100.49822703617947,I 2016
Wrocław,city,2016Q1,2016,1,20161,96.4818763326226,99.34138309549945,I 2016
Zielona Góra,city,2016Q1,2016,1,20161,95.51102537691266,99.91202939457436,I 2016
Łódź,city,2016Q1,2016,1,20161,100.83850218240296,100.15972618368511,I 2016
Białystok,city,2017Q1,2017,1,20171,97.16859743570035,103.23509759853202,I 2017
Bydgoszcz,city,2017Q1,2017,1,20171,101.10552763819094,104.68262226847034,I 2017
Katowice,city,2017Q1,2017,1,20171,100.44798195944425,99.70772369980024,I 2017
Kielce,city,2017Q1,2017,1,20171,100.59816914098027,97.45814314307557,I 2017
Kraków,city,2017Q1,2017,1,20171,103.1078638629724,111.55986749228211,I 2017
Lublin,city,2017Q1,2017,1,20171,98.41535433070867,102.57488715633976,I 2017
Olsztyn,city,2017Q1,2017,1,20171,99.50922863544223,100.1610824742268,I 2017
Opole,city,2017Q1,2017,1,20171,100.88435384970332,108.84307634278284,I 2017
Poznań,city,2017Q1,2017,1,20171,98.40296824505505,102.09821739710523,I 2017
Rzeszów,city,2017Q1,2017,1,20171,100.4288164665523,101.21002592912704,I 2017
Szczecin,city,2017Q1,2017,1,20171,101.07115870123715,107.7205407249461,I 2017
Trójmiasto,city_group,2017Q1,2017,1,20171,100.82470536126505,113.57692735246462,I 2017
Warszawa,city,2017Q1,2017,1,20171,102.88638470008755,105.39332535917889,I 2017
Wrocław,city,2017Q1,2017,1,20171,98.88324873096447,107.62430939226519,I 2017
Zielona Góra,city,2017Q1,2017,1,20171,100.73933662519904,105.51495322442412,I 2017
Łódź,city,2017Q1,2017,1,20171,102.12014134275617,102.05034741997949,I 2017
Białystok,city,2018Q1,2018,1,20181,100.45078164641164,104.25194196014473,I 2018
Bydgoszcz,city,2018Q1,2018,1,20181,101.33079847908743,105.96421471172962,I 2018
Katowice,city,2018Q1,2018,1,20181,104.78668210996243,111.5270085040812,I 2018
Kielce,city,2018Q1,2018,1,20181,100.45476816524487,103.51644523166068,I 2018
Kraków,city,2018Q1,2018,1,20181,98.41271738042171,98.18334708098273,I 2018
Lublin,city,2018Q1,2018,1,20181,99.69022265246853,102.990299029903,I 2018
Olsztyn,city,2018Q1,2018,1,20181,102.90478187919463,105.21067867481506,I 2018
Opole,city,2018Q1,2018,1,20181,97.4014818532104,98.43088967382782,I 2018
Poznań,city,2018Q1,2018,1,20181,101.6925637672265,104.59546433730766,I 2018
Rzeszów,city,2018Q1,2018,1,20181,107.28987993138936,106.83176771989753,I 2018
Szczecin,city,2018Q1,2018,1,20181,100.26120000046403,107.32775599730036,I 2018
Trójmiasto,city_group,2018Q1,2018,1,20181,100.91970036799593,109.17721231783734,I 2018
Warszawa,city,2018Q1,2018,1,20181,101.19381296547591,104.0961285407058,I 2018
Wrocław,city,2018Q1,2018,1,20181,101.93423597678917,108.2135523613963,I 2018
Zielona Góra,city,2018Q1,2018,1,20181,106.28101423448784,110.33929947702748,I 2018
Łódź,city,2018Q1,2018,1,20181,102.7600411946447,111.37403728094652,I 2018
Białystok,city,2019Q1,2019,1,20191,104.19646215613399,114.11424264467396,I 2019
Bydgoszcz,city,2019Q1,2019,1,20191,105.8362369337979,113.97748592870545,I 2019
Katowice,city,2019Q1,2019,1,20191,105.58352862862274,111.54372447525233,I 2019
Kielce,city,2019Q1,2019,1,20191,102.24988946211056,105.70603542379212,I 2019
Kraków,city,2019Q1,2019,1,20191,100.70921801304658,112.11427099775901,I 2019
Lublin,city,2019Q1,2019,1,20191,103.37749580145548,107.59370751602253,I 2019
Olsztyn,city,2019Q1,2019,1,20191,101.13041080783016,112.13696117395293,I 2019
Opole,city,2019Q1,2019,1,20191,98.5076353196592,109.40276928329196,I 2019
Poznań,city,2019Q1,2019,1,20191,100.56569048439836,108.40741993467778,I 2019
Rzeszów,city,2019Q1,2019,1,20191,102.55417956656348,105.91526778577138,I 2019
Szczecin,city,2019Q1,2019,1,20191,99.19167709501477,112.19115899865582,I 2019
Trójmiasto,city_group,2019Q1,2019,1,20191,100.32070231665662,110.95724342614824,I 2019
Warszawa,city,2019Q1,2019,1,20191,101.34285107886775,107.42336000214348,I 2019
Wrocław,city,2019Q1,2019,1,20191,100.54794520547945,104.45920303605311,I 2019
Zielona Góra,city,2019Q1,2019,1,20191,108.18095044527797,106.59298047383321,I 2019
Łódź,city,2019Q1,2019,1,20191,103.10751019883406,115.47669136820711,I 2019
Białystok,city,2020Q1,2020,1,20201,104.24406029577106,110.5251528619721,I 2020
Bydgoszcz,city,2020Q1,2020,1,20201,101.40014738393515,113.25102880658436,I 2020
Katowice,city,2020Q1,2020,1,20201,107.86812191690545,115.64319084991594,I 2020
Kielce,city,2020Q1,2020,1,20201,101.68171471518677,112.76457145426512,I 2020
Kraków,city,2020Q1,2020,1,20201,107.33418653985379,118.9281172837563,I 2020
Lublin,city,2020Q1,2020,1,20201,102.21674876847291,112.36462093862815,I 2020
Olsztyn,city,2020Q1,2020,1,20201,99.50766747376916,112.04107597237368,I 2020
Opole,city,2020Q1,2020,1,20201,100.07732104512411,109.88643366050144,I 2020
Poznań,city,2020Q1,2020,1,20201,101.35758367765352,108.54313274961784,I 2020
Rzeszów,city,2020Q1,2020,1,20201,104.42857142857143,110.33962264150942,I 2020
Szczecin,city,2020Q1,2020,1,20201,100.65633174693764,114.6712577961434,I 2020
Trójmiasto,city_group,2020Q1,2020,1,20201,101.41099202396519,113.16438849746315,I 2020
Warszawa,city,2020Q1,2020,1,20201,102.05011992964621,111.03638156483706,I 2020
Wrocław,city,2020Q1,2020,1,20201,98.204361228124,116.7570470913845,I 2020
Zielona Góra,city,2020Q1,2020,1,20201,111.99867703214055,127.3679449073483,I 2020
Łódź,city,2020Q1,2020,1,20201,101.8899388549194,111.35832077109656,I 2020
Białystok,city,2021Q1,2021,1,20211,100.60269705069891,107.866920619879,I 2021
Bydgoszcz,city,2021Q1,2021,1,20211,99.78494623655914,101.16279069767442,I 2021
Katowice,city,2021Q1,2021,1,20211,100.2602109944972,103.04582120774486,I 2021
Kielce,city,2021Q1,2021,1,20211,102.2039155013425,107.50471638971352,I 2021
Kraków,city,2021Q1,2021,1,20211,102.8842652891629,107.64081298759498,I 2021
Lublin,city,2021Q1,2021,1,20211,101.19225037257826,109.07630522088354,I 2021
Olsztyn,city,2021Q1,2021,1,20211,102.63462875685698,107.74596479844269,I 2021
Opole,city,2021Q1,2021,1,20211,100.89152964792302,113.79579050520286,I 2021
Poznań,city,2021Q1,2021,1,20211,100.5057910268698,104.91098377574393,I 2021
Rzeszów,city,2021Q1,2021,1,20211,99.2748846407383,103.00957592339262,I 2021
Szczecin,city,2021Q1,2021,1,20211,99.8381019702372,107.49085457615853,I 2021
Trójmiasto,city_group,2021Q1,2021,1,20211,103.41486320024306,105.94606945463092,I 2021
Warszawa,city,2021Q1,2021,1,20211,100.31464309785112,105.58944925520366,I 2021
Wrocław,city,2021Q1,2021,1,20211,101.56637102679097,109.28478206671667,I 2021
Zielona Góra,city,2021Q1,2021,1,20211,96.81722004674756,94.36499528661967,I 2021
Łódź,city,2021Q1,2021,1,20211,103.6691683723751,106.5778193437768,I 2021
Białystok,city,2022Q1,2022,1,20221,103.7365144239132,119.83153070600301,I 2022
Bydgoszcz,city,2022Q1,2022,1,20221,100.76873798846894,113.00287356321842,I 2022
Katowice,city,2022Q1,2022,1,20221,106.94995129705677,118.91501152085343,I 2022
Kielce,city,2022Q1,2022,1,20221,104.98807519553985,120.42293034052662,I 2022
Kraków,city,2022Q1,2022,1,20221,100.70894255015264,111.498174104409,I 2022
Lublin,city,2022Q1,2022,1,20221,107.67703507610852,119.8085419734904,I 2022
Olsztyn,city,2022Q1,2022,1,20221,107.15612743411543,117.23125564588977,I 2022
Opole,city,2022Q1,2022,1,20221,105.4358169331097,110.23338924535761,I 2022
Poznań,city,2022Q1,2022,1,20221,104.33678189060107,113.9645189783408,I 2022
Rzeszów,city,2022Q1,2022,1,20221,97.0625,103.12084993359896,I 2022
Szczecin,city,2022Q1,2022,1,20221,106.98588309464994,122.71386963552789,I 2022
Trójmiasto,city_group,2022Q1,2022,1,20221,100.00632742857378,107.30097284470557,I 2022
Warszawa,city,2022Q1,2022,1,20221,103.51044643233205,114.43663307843144,I 2022
Wrocław,city,2022Q1,2022,1,20221,102.63367779187584,114.0916174836627,I 2022
Zielona Góra,city,2022Q1,2022,1,20221,100.63085921266396,118.62898426806352,I 2022
Łódź,city,2022Q1,2022,1,20221,107.97904493250053,117.56489945155393,I 2022
Białystok,city,2023Q1,2023,1,20231,103.48493797991729,107.48466257668711,I 2023
Bydgoszcz,city,2023Q1,2023,1,20231,100.06242197253434,101.90718372536554,I 2023
Katowice,city,2023Q1,2023,1,20231,103.75910767184125,105.61316704542017,I 2023
Kielce,city,2023Q1,2023,1,20231,99.48215250143176,107.97713130202003,I 2023
Kraków,city,2023Q1,2023,1,20231,99.9188143178252,111.90229768016304,I 2023
Lublin,city,2023Q1,2023,1,20231,103.8634940513463,101.94837123540259,I 2023
Olsztyn,city,2023Q1,2023,1,20231,97.67633278460175,99.06247993321777,I 2023
Opole,city,2023Q1,2023,1,20231,103.60780625952025,109.61854684671385,I 2023
Poznań,city,2023Q1,2023,1,20231,100.28299303209631,104.85282932153976,I 2023
Rzeszów,city,2023Q1,2023,1,20231,100.43997485857952,102.89761751448809,I 2023
Szczecin,city,2023Q1,2023,1,20231,97.3859388169974,103.37630248547728,I 2023
Trójmiasto,city_group,2023Q1,2023,1,20231,102.1386614564486,106.20547543995431,I 2023
Warszawa,city,2023Q1,2023,1,20231,98.19808717310673,99.82140783923131,I 2023
Wrocław,city,2023Q1,2023,1,20231,99.84012199192281,112.93473033127688,I 2023
Zielona Góra,city,2023Q1,2023,1,20231,105.27830645711869,115.27017981905261,I 2023
Łódź,city,2023Q1,2023,1,20231,102.55721696673787,104.52198793307208,I 2023
Białystok,city,2024Q1,2024,1,20241,103.86447856008469,111.986301369863,I 2024
Bydgoszcz,city,2024Q1,2024,1,20241,104.21760119716697,114.48982888846602,I 2024
Katowice,city,2024Q1,2024,1,20241,105.32193803389663,115.12392617264055,I 2024
Kielce,city,2024Q1,2024,1,20241,103.90425159949204,113.14700439933631,I 2024
Kraków,city,2024Q1,2024,1,20241,108.83334936323227,122.71977170438728,I 2024
Lublin,city,2024Q1,2024,1,20241,106.69751170795013,114.00494363055404,I 2024
Olsztyn,city,2024Q1,2024,1,20241,103.9957378795951,113.87826537888118,I 2024
Opole,city,2024Q1,2024,1,20241,105.3452168061018,114.569281180227,I 2024
Poznań,city,2024Q1,2024,1,20241,104.44228910085572,117.12018374006881,I 2024
Rzeszów,city,2024Q1,2024,1,20241,100.80171031533939,118.02252816020025,I 2024
Szczecin,city,2024Q1,2024,1,20241,102.77045307336721,112.05893433490506,I 2024
Trójmiasto,city_group,2024Q1,2024,1,20241,103.3240049813469,113.77123944519845,I 2024
Warszawa,city,2024Q1,2024,1,20241,105.82236765043798,119.17359696403997,I 2024
Wrocław,city,2024Q1,2024,1,20241,103.15453683345706,114.81059192239846,I 2024
Zielona Góra,city,2024Q1,2024,1,20241,102.42286618231321,111.49189678264135,I 2024
Łódź,city,2024Q1,2024,1,20241,107.63841807909604,113.37776719828614,I 2024
Białystok,city,2025Q1,2025,1,20251,98.21917808219179,109.63302752293578,I 2025
Bydgoszcz,city,2025Q1,2025,1,20251,105.88931384441989,106.16598703169586,I 2025
Katowice,city,2025Q1,2025,1,20251,97.81024023281006,105.894574714846,I 2025
Kielce,city,2025Q1,2025,1,20251,100.69945752080906,112.77275374514966,I 2025
Kraków,city,2025Q1,2025,1,20251,100.53703066283495,111.76628345134736,I 2025
Lublin,city,2025Q1,2025,1,20251,101.43216080402009,106.74246430460074,I 2025
Olsztyn,city,2025Q1,2025,1,20251,101.53020562138038,108.77163023679417,I 2025
Opole,city,2025Q1,2025,1,20251,104.82342399393491,112.22927821687954,I 2025
Poznań,city,2025Q1,2025,1,20251,98.43044097633683,105.1628263158533,I 2025
Rzeszów,city,2025Q1,2025,1,20251,101.21836925960636,114.52810180275716,I 2025
Szczecin,city,2025Q1,2025,1,20251,99.16056204285285,103.44407586970146,I 2025
Trójmiasto,city_group,2025Q1,2025,1,20251,100.5369183854671,107.85160197253344,I 2025
Warszawa,city,2025Q1,2025,1,20251,100.59477424497996,104.55011694523033,I 2025
Wrocław,city,2025Q1,2025,1,20251,97.35354608165744,105.27902376024463,I 2025
Zielona Góra,city,2025Q1,2025,1,20251,101.95003336330313,108.61197281810617,I 2025
Łódź,city,2025Q1,2025,1,20251,105.35301074715895,107.5372664287214,I 2025
Białystok,city,2026Q1,2026,1,20261,97.70536943552088,98.977219897722,I 2026
Bydgoszcz,city,2026Q1,2026,1,20261,99.95002498750625,102.64650465387459,I 2026
Katowice,city,2026Q1,2026,1,20261,99.64125894334177,100.62037901477274,I 2026
Kielce,city,2026Q1,2026,1,20261,103.58602610248182,102.27018164278748,I 2026
Kraków,city,2026Q1,2026,1,20261,99.73738840941073,99.68729953099951,I 2026
Lublin,city,2026Q1,2026,1,20261,99.70760233918129,101.3623978201635,I 2026
Olsztyn,city,2026Q1,2026,1,20261,100.12714234857347,103.02998587053222,I 2026
Opole,city,2026Q1,2026,1,20261,101.99431564446601,102.43551678616411,I 2026
Poznań,city,2026Q1,2026,1,20261,99.92604876251326,102.15386959006263,I 2026
Rzeszów,city,2026Q1,2026,1,20261,105.411877394636,101.89814814814815,I 2026
Szczecin,city,2026Q1,2026,1,20261,101.60099497185224,104.20285932362896,I 2026
Trójmiasto,city_group,2026Q1,2026,1,20261,102.63137628964361,107.5463300093615,I 2026
Warszawa,city,2026Q1,2026,1,20261,101.58674611625811,102.7669784498958,I 2026
Wrocław,city,2026Q1,2026,1,20261,101.33186090208153,101.55054202299812,I 2026
Zielona Góra,city,2026Q1,2026,1,20261,94.54518166786556,107.33050308386218,I 2026
Łódź,city,2026Q1,2026,1,20261,101.18421191260414,102.82386235945032,I 2026
Białystok,city,2007Q2,2007,2,20072,119.81837728081067,,II 2007
Bydgoszcz,city,2007Q2,2007,2,20072,105.56213017751479,,II 2007
Katowice,city,2007Q2,2007,2,20072,124.92290043938866,,II 2007
Kielce,city,2007Q2,2007,2,20072,119.82297356421716,,II 2007
Kraków,city,2007Q2,2007,2,20072,116.65297124606677,,II 2007
Lublin,city,2007Q2,2007,2,20072,114.62001847710441,,II 2007
Olsztyn,city,2007Q2,2007,2,20072,115.7718358142493,,II 2007
Opole,city,2007Q2,2007,2,20072,,,II 2007
Poznań,city,2007Q2,2007,2,20072,134.29752066115702,,II 2007
Rzeszów,city,2007Q2,2007,2,20072,109.67007963594995,,II 2007
Szczecin,city,2007Q2,2007,2,20072,105.36585902369919,,II 2007
Trójmiasto,city_group,2007Q2,2007,2,20072,119.73936085635653,,II 2007
Warszawa,city,2007Q2,2007,2,20072,109.49883918502718,,II 2007
Wrocław,city,2007Q2,2007,2,20072,108.73004495589585,,II 2007
Zielona Góra,city,2007Q2,2007,2,20072,121.75673148306296,,II 2007
Łódź,city,2007Q2,2007,2,20072,106.71399664727659,,II 2007
Białystok,city,2008Q2,2008,2,20082,97.67855392710324,101.29280143668964,II 2008
Bydgoszcz,city,2008Q2,2008,2,20082,103.88446215139442,116.92825112107623,II 2008
Katowice,city,2008Q2,2008,2,20082,148.65392388722978,124.93225671470114,II 2008
Kielce,city,2008Q2,2008,2,20082,105.2168770268461,119.11924188524605,II 2008
Kraków,city,2008Q2,2008,2,20082,102.16199356584819,93.8894823152889,II 2008
Lublin,city,2008Q2,2008,2,20082,103.86908703841347,123.15962705386072,II 2008
Olsztyn,city,2008Q2,2008,2,20082,95.15741647153256,106.75731871664298,II 2008
Opole,city,2008Q2,2008,2,20082,101.86363060899129,101.24063820004667,II 2008
Poznań,city,2008Q2,2008,2,20082,96.36015325670498,103.17948717948717,II 2008
Rzeszów,city,2008Q2,2008,2,20082,102.18009478672985,111.82572614107882,II 2008
Szczecin,city,2008Q2,2008,2,20082,99.5389478928131,110.66513928414695,II 2008
Trójmiasto,city_group,2008Q2,2008,2,20082,102.75546559940547,107.24022907558725,II 2008
Warszawa,city,2008Q2,2008,2,20082,97.70592417972446,101.33488447459362,II 2008
Wrocław,city,2008Q2,2008,2,20082,101.10199230375557,96.44979199735126,II 2008
Zielona Góra,city,2008Q2,2008,2,20082,99.70562771666636,111.87532737251654,II 2008
Łódź,city,2008Q2,2008,2,20082,98.9588190605898,106.57671043274925,II 2008
Białystok,city,2009Q2,2009,2,20092,97.94132879024822,97.00595445928482,II 2009
Bydgoszcz,city,2009Q2,2009,2,20092,98.29145728643216,93.7679769894535,II 2009
Katowice,city,2009Q2,2009,2,20092,99.7262438827986,79.8039265152936,II 2009
Kielce,city,2009Q2,2009,2,20092,100.8082600757646,91.59906055568702,II 2009
Kraków,city,2009Q2,2009,2,20092,99.97510539450602,86.1385931316822,II 2009
Lublin,city,2009Q2,2009,2,20092,99.58133437916645,97.20340786563958,II 2009
Olsztyn,city,2009Q2,2009,2,20092,99.24172134941847,95.72968118438231,II 2009
Opole,city,2009Q2,2009,2,20092,131.34670530974904,112.08772116382465,II 2009
Poznań,city,2009Q2,2009,2,20092,92.9193899782135,84.79125248508946,II 2009
Rzeszów,city,2009Q2,2009,2,20092,94.4927536231884,90.72356215213358,II 2009
Szczecin,city,2009Q2,2009,2,20092,96.18477357417736,94.84820533727898,II 2009
Trójmiasto,city_group,2009Q2,2009,2,20092,94.8047361072311,90.14703881488198,II 2009
Warszawa,city,2009Q2,2009,2,20092,101.37088015022364,95.24278778010502,II 2009
Wrocław,city,2009Q2,2009,2,20092,93.89312561746614,91.66616635800537,II 2009
Zielona Góra,city,2009Q2,2009,2,20092,97.50189653299118,93.0784653861384,II 2009
Łódź,city,2009Q2,2009,2,20092,100.30770739676271,98.02298071316278,II 2009
Białystok,city,2010Q2,2010,2,20102,101.34020618556701,101.70876598627443,II 2010
Bydgoszcz,city,2010Q2,2010,2,20102,98.80834160873883,101.73824130879345,II 2010
Katowice,city,2010Q2,2010,2,20102,91.43327949096383,99.00640276993346,II 2010
Kielce,city,2010Q2,2010,2,20102,103.24971972326567,105.73140040682966,II 2010
Kraków,city,2010Q2,2010,2,20102,98.326452578061,110.38011697060364,II 2010
Lublin,city,2010Q2,2010,2,20102,105.11639942728044,105.97357567170482,II 2010
Olsztyn,city,2010Q2,2010,2,20102,99.16665821379097,101.49177065232001,II 2010
Opole,city,2010Q2,2010,2,20102,119.53404544510606,99.8692933975293,II 2010
Poznań,city,2010Q2,2010,2,20102,111.66975524475527,112.32432590855804,II 2010
Rzeszów,city,2010Q2,2010,2,20102,103.28638497652582,112.47443762781187,II 2010
Szczecin,city,2010Q2,2010,2,20102,105.30268608796185,104.05294937354238,II 2010
Trójmiasto,city_group,2010Q2,2010,2,20102,101.67707149315075,101.01981248391583,II 2010
Warszawa,city,2010Q2,2010,2,20102,100.95916172144798,103.34802224210245,II 2010
Wrocław,city,2010Q2,2010,2,20102,101.55980005058464,111.94020780892835,II 2010
Zielona Góra,city,2010Q2,2010,2,20102,104.01647785787848,104.71625967701273,II 2010
Łódź,city,2010Q2,2010,2,20102,101.04064054693622,100.2117725868612,II 2010
Białystok,city,2011Q2,2011,2,20112,100.20682523267838,98.57578840284843,II 2011
Bydgoszcz,city,2011Q2,2011,2,20112,98.18875119161106,103.5175879396985,II 2011
Katowice,city,2011Q2,2011,2,20112,100.66666666666666,104.82505126123488,II 2011
Kielce,city,2011Q2,2011,2,20112,100.81796566894872,102.54096634541025,II 2011
Kraków,city,2011Q2,2011,2,20112,97.2354043714719,100.67591791098648,II 2011
Lublin,city,2011Q2,2011,2,20112,98.95840688996515,99.79604228629559,II 2011
Olsztyn,city,2011Q2,2011,2,20112,97.77130810159622,99.75181880992754,II 2011
Opole,city,2011Q2,2011,2,20112,90.6148553553913,82.58856571419605,II 2011
Poznań,city,2011Q2,2011,2,20112,101.06827060978875,92.74778980064092,II 2011
Rzeszów,city,2011Q2,2011,2,20112,103.1616982836495,103.81818181818183,II 2011
Szczecin,city,2011Q2,2011,2,20112,100.66651017178809,94.75344796633306,II 2011
Trójmiasto,city_group,2011Q2,2011,2,20112,104.79298884769625,97.96197511010216,II 2011
Warszawa,city,2011Q2,2011,2,20112,100.63464339585279,96.74216852469625,II 2011
Wrocław,city,2011Q2,2011,2,20112,99.02100264197334,97.2467737067564,II 2011
Zielona Góra,city,2011Q2,2011,2,20112,102.64187866927594,103.86138613861387,II 2011
Łódź,city,2011Q2,2011,2,20112,101.49194743602412,104.33073325160565,II 2011
Białystok,city,2012Q2,2012,2,20122,91.29129129129129,94.11764705882352,II 2012
Bydgoszcz,city,2012Q2,2012,2,20122,98.15384615384616,92.91262135922331,II 2012
Katowice,city,2012Q2,2012,2,20122,98.7987987987988,93.37748344370861,II 2012
Kielce,city,2012Q2,2012,2,20122,95.63756000624663,93.17652205516167,II 2012
Kraków,city,2012Q2,2012,2,20122,92.53140867716363,95.75351715671029,II 2012
Lublin,city,2012Q2,2012,2,20122,98.9584245017128,95.27719752880591,II 2012
Olsztyn,city,2012Q2,2012,2,20122,100.41266893634581,99.93839203203615,II 2012
Opole,city,2012Q2,2012,2,20122,106.07202106988618,119.4124322106725,II 2012
Poznań,city,2012Q2,2012,2,20122,93.6224229744227,93.32445362287997,II 2012
Rzeszów,city,2012Q2,2012,2,20122,97.87798408488064,96.93520140105079,II 2012
Szczecin,city,2012Q2,2012,2,20122,102.55963888880456,94.23713648917476,II 2012
Trójmiasto,city_group,2012Q2,2012,2,20122,99.8874302187903,90.02444232511682,II 2012
Warszawa,city,2012Q2,2012,2,20122,98.42012830674345,97.14562094571693,II 2012
Wrocław,city,2012Q2,2012,2,20122,92.88537549407114,91.70731707317074,II 2012
Zielona Góra,city,2012Q2,2012,2,20122,92.36983842010773,98.09342230695901,II 2012
Łódź,city,2012Q2,2012,2,20122,94.44212721584984,88.17172897196261,II 2012
Białystok,city,2013Q2,2013,2,20132,100.1082251082251,101.42543859649122,II 2013
Bydgoszcz,city,2013Q2,2013,2,20132,96.71610169491525,95.40229885057471,II 2013
Katowice,city,2013Q2,2013,2,20132,99.54126657910285,95.75210346849701,II 2013
Kielce,city,2013Q2,2013,2,20132,102.05901449757191,98.76060564802133,II 2013
Kraków,city,2013Q2,2013,2,20132,101.83129585073996,96.73018927845949,II 2013
Lublin,city,2013Q2,2013,2,20132,104.62674876002364,99.07232538420388,II 2013
Olsztyn,city,2013Q2,2013,2,20132,101.65425065731814,95.33545669372239,II 2013
Opole,city,2013Q2,2013,2,20132,96.03666467550737,92.4236507560158,II 2013
Poznań,city,2013Q2,2013,2,20132,104.27969326283011,100.00989540213683,II 2013
Rzeszów,city,2013Q2,2013,2,20132,100.81447963800905,100.63233965672991,II 2013
Szczecin,city,2013Q2,2013,2,20132,102.54880595294891,95.59823335443673,II 2013
Trójmiasto,city_group,2013Q2,2013,2,20132,99.26350989906513,91.32722940145959,II 2013
Warszawa,city,2013Q2,2013,2,20132,95.7915042371101,91.56073820691194,II 2013
Wrocław,city,2013Q2,2013,2,20132,102.28571428571429,95.2127659574468,II 2013
Zielona Góra,city,2013Q2,2013,2,20132,109.22279792746114,102.42954324586977,II 2013
Łódź,city,2013Q2,2013,2,20132,99.43736364680214,95.61665010489125,II 2013
Białystok,city,2014Q2,2014,2,20142,96.14973262032086,97.1891891891892,II 2014
Bydgoszcz,city,2014Q2,2014,2,20142,102.10876803551609,100.76670317634174,II 2014
Katowice,city,2014Q2,2014,2,20142,101.3149809918968,106.55258605931472,II 2014
Kielce,city,2014Q2,2014,2,20142,100.01059766832124,99.6578606088768,II 2014
Kraków,city,2014Q2,2014,2,20142,108.22498981799384,103.43489161180679,II 2014
Lublin,city,2014Q2,2014,2,20142,98.72125615440255,94.83247158573307,II 2014
Olsztyn,city,2014Q2,2014,2,20142,101.94854953475644,100.36641879512878,II 2014
Opole,city,2014Q2,2014,2,20142,99.89268787774259,104.27006241144939,II 2014
Poznań,city,2014Q2,2014,2,20142,101.96816881536665,98.8188212629299,II 2014
Rzeszów,city,2014Q2,2014,2,20142,98.50877192982456,100.80789946140034,II 2014
Szczecin,city,2014Q2,2014,2,20142,95.49789800440837,95.23834864423978,II 2014
Trójmiasto,city_group,2014Q2,2014,2,20142,104.16381206315317,106.7996878820174,II 2014
Warszawa,city,2014Q2,2014,2,20142,100.04562203134277,102.75114351142732,II 2014
Wrocław,city,2014Q2,2014,2,20142,104.37219730941703,104.02234636871508,II 2014
Zielona Góra,city,2014Q2,2014,2,20142,108.12536542311184,95.31242095289304,II 2014
Łódź,city,2014Q2,2014,2,20142,97.24061810154525,101.73210161662819,II 2014
Białystok,city,2015Q2,2015,2,20152,99.78378378378379,102.66963292547273,II 2015
Bydgoszcz,city,2015Q2,2015,2,20152,100.84925690021231,103.26086956521738,II 2015
Katowice,city,2015Q2,2015,2,20152,99.67399254405302,103.71434513661342,II 2015
Kielce,city,2015Q2,2015,2,20152,101.12971548332857,98.07942092522254,II 2015
Kraków,city,2015Q2,2015,2,20152,102.32726938879053,100.17276407497219,II 2015
Lublin,city,2015Q2,2015,2,20152,99.89576153573948,100.18548747592449,II 2015
Olsztyn,city,2015Q2,2015,2,20152,100.75106128224665,99.3879523247074,II 2015
Opole,city,2015Q2,2015,2,20152,99.0198440314142,97.2467718215517,II 2015
Poznań,city,2015Q2,2015,2,20152,98.15519441109583,99.98685452198497,II 2015
Rzeszów,city,2015Q2,2015,2,20152,98.9537925021796,101.06856634016029,II 2015
Szczecin,city,2015Q2,2015,2,20152,97.58909929345508,101.56607124342192,II 2015
Trójmiasto,city_group,2015Q2,2015,2,20152,98.58213018209223,100.57760533400781,II 2015
Warszawa,city,2015Q2,2015,2,20152,101.55608952229574,103.52014116045697,II 2015
Wrocław,city,2015Q2,2015,2,20152,99.23161361141604,97.0998925886144,II 2015
Zielona Góra,city,2015Q2,2015,2,20152,97.74497492949466,93.18000155857766,II 2015
Łódź,city,2015Q2,2015,2,20152,97.29606389047348,96.79909194097617,II 2015
Białystok,city,2016Q2,2016,2,20162,100.43057050592033,101.0834236186349,II 2016
Bydgoszcz,city,2016Q2,2016,2,20162,102.49739854318418,103.68421052631578,II 2016
Katowice,city,2016Q2,2016,2,20162,97.5367553883403,97.99577567516624,II 2016
Kielce,city,2016Q2,2016,2,20162,99.1307843713767,94.29766214733658,II 2016
Kraków,city,2016Q2,2016,2,20162,103.89892790755506,100.09656813690826,II 2016
Lublin,city,2016Q2,2016,2,20162,102.88264259335249,104.29492512479202,II 2016
Olsztyn,city,2016Q2,2016,2,20162,101.05240549828179,101.66378565254969,II 2016
Opole,city,2016Q2,2016,2,20162,103.2366061292834,103.78422650970197,II 2016
Poznań,city,2016Q2,2016,2,20162,101.05090573848156,104.25303292660206,II 2016
Rzeszów,city,2016Q2,2016,2,20162,101.12359550561798,103.08370044052863,II 2016
Szczecin,city,2016Q2,2016,2,20162,105.58621662751149,107.40426179065273,II 2016
Trójmiasto,city_group,2016Q2,2016,2,20162,105.09587240528397,103.77410673319653,II 2016
Warszawa,city,2016Q2,2016,2,20162,102.40077843668503,101.33411721955052,II 2016
Wrocław,city,2016Q2,2016,2,20162,103.75690607734806,103.8716814159292,II 2016
Zielona Góra,city,2016Q2,2016,2,20162,104.72208119152218,107.04382155518,II 2016
Łódź,city,2016Q2,2016,2,20162,101.95922086798042,104.96013133208255,II 2016
Białystok,city,2017Q2,2017,2,20172,100.70281931166419,103.51494896142349,II 2017
Bydgoszcz,city,2017Q2,2017,2,20172,102.08747514910537,104.26395939086295,II 2017
Katowice,city,2017Q2,2017,2,20172,98.2640920746281,100.45124941033234,II 2017
Kielce,city,2017Q2,2017,2,20172,101.7916266297052,100.07408880856958,II 2017
Kraków,city,2017Q2,2017,2,20172,100.26523351387455,107.6582443164671,II 2017
Lublin,city,2017Q2,2017,2,20172,99.96999699969997,99.67095423272508,II 2017
Olsztyn,city,2017Q2,2017,2,20172,103.10925270719417,102.19978746014878,II 2017
Opole,city,2017Q2,2017,2,20172,99.71216903898805,105.12723765273569,II 2017
Poznań,city,2017Q2,2017,2,20172,101.32773423526689,102.37791499941716,II 2017
Rzeszów,city,2017Q2,2017,2,20172,102.90350128095645,102.99145299145297,II 2017
Szczecin,city,2017Q2,2017,2,20172,102.4674484900243,104.53872968088682,II 2017
Trójmiasto,city_group,2017Q2,2017,2,20172,102.77962133896199,111.0737588352918,II 2017
Warszawa,city,2017Q2,2017,2,20172,99.71892771149821,102.63310058003694,II 2017
Wrocław,city,2017Q2,2017,2,20172,99.7946611909651,103.5143769968051,II 2017
Zielona Góra,city,2017Q2,2017,2,20172,109.01489272620282,109.84026650247769,II 2017
Łódź,city,2017Q2,2017,2,20172,101.09387208393792,101.18422522623169,II 2017
Białystok,city,2018Q2,2018,2,20182,108.0338886331119,111.84138402968608,II 2018
Bydgoszcz,city,2018Q2,2018,2,20182,100.37523452157599,104.18695228821811,II 2018
Katowice,city,2018Q2,2018,2,20182,103.80004074275526,117.81015610309913,II 2018
Kielce,city,2018Q2,2018,2,20182,102.77167507761831,104.51310021048155,II 2018
Kraków,city,2018Q2,2018,2,20182,103.85548542848188,101.69905175234597,II 2018
Lublin,city,2018Q2,2018,2,20182,100.18450184501846,103.21128451380552,II 2018
Olsztyn,city,2018Q2,2018,2,20182,104.28003668602874,106.40532390558386,II 2018
Opole,city,2018Q2,2018,2,20182,105.2386213574428,103.88632829970699,II 2018
Poznań,city,2018Q2,2018,2,20182,103.29230084550458,106.62338648883114,II 2018
Rzeszów,city,2018Q2,2018,2,20182,101.03916866506795,104.89626556016599,II 2018
Szczecin,city,2018Q2,2018,2,20182,103.5270911870861,108.43766040607115,II 2018
Trójmiasto,city_group,2018Q2,2018,2,20182,105.20444462170235,111.75297045864518,II 2018
Warszawa,city,2018Q2,2018,2,20182,100.56457132635981,104.97889200850943,II 2018
Wrocław,city,2018Q2,2018,2,20182,105.37001897533207,114.25925925925927,II 2018
Zielona Góra,city,2018Q2,2018,2,20182,101.90566964314989,103.1437074327358,II 2018
Łódź,city,2018Q2,2018,2,20182,101.35297654840649,111.659489897317,II 2018
Białystok,city,2019Q2,2019,2,20192,105.14981177524001,111.06784442158705,II 2019
Bydgoszcz,city,2019Q2,2019,2,20192,100.16460905349795,113.73831775700936,II 2019
Katowice,city,2019Q2,2019,2,20192,99.38579381646478,106.80016619349664,II 2019
Kielce,city,2019Q2,2019,2,20192,101.57539036814815,104.47559411999232,II 2019
Kraków,city,2019Q2,2019,2,20192,105.33291933705881,113.70919325847618,II 2019
Lublin,city,2019Q2,2019,2,20192,103.06859205776173,110.69109237181351,II 2019
Olsztyn,city,2019Q2,2019,2,20192,105.72519083969465,113.69099970683084,II 2019
Opole,city,2019Q2,2019,2,20192,102.76788483090881,106.83426910070114,II 2019
Poznań,city,2019Q2,2019,2,20192,102.53449333821578,107.6120851807818,II 2019
Rzeszów,city,2019Q2,2019,2,20192,102.26415094339623,107.1993670886076,II 2019
Szczecin,city,2019Q2,2019,2,20192,105.62292922941327,114.46239540978269,II 2019
Trójmiasto,city_group,2019Q2,2019,2,20192,108.86183903699866,114.8146318083854,II 2019
Warszawa,city,2019Q2,2019,2,20192,101.58133908843914,108.50947420621996,II 2019
Wrocław,city,2019Q2,2019,2,20192,104.90463215258856,103.99783900594272,II 2019
Zielona Góra,city,2019Q2,2019,2,20192,108.52050954268127,113.51208029151127,II 2019
Łódź,city,2019Q2,2019,2,20192,104.7526858389115,119.35015610354,II 2019
Białystok,city,2020Q2,2020,2,20202,99.97973358996545,105.09077621318413,II 2020
Bydgoszcz,city,2020Q2,2020,2,20202,99.4186046511628,112.40755957271982,II 2020
Katowice,city,2020Q2,2020,2,20202,102.06929917753989,118.76566047762415,II 2020
Kielce,city,2020Q2,2020,2,20202,103.62197407417939,115.0365994890032,II 2020
Kraków,city,2020Q2,2020,2,20202,103.69979917179744,117.08421218955523,II 2020
Lublin,city,2020Q2,2020,2,20202,105.06024096385542,114.53590192644485,II 2020
Olsztyn,city,2020Q2,2020,2,20202,104.0149241625436,110.2286401925391,II 2020
Opole,city,2020Q2,2020,2,20202,109.95478862751014,117.57116151657297,II 2020
Poznań,city,2020Q2,2020,2,20202,102.99579460789438,109.03146680503791,II 2020
Rzeszów,city,2020Q2,2020,2,20202,104.51436388508894,112.76752767527675,II 2020
Szczecin,city,2020Q2,2020,2,20202,104.0635390972821,112.9782804364833,II 2020
Trójmiasto,city_group,2020Q2,2020,2,20202,101.14654582088527,105.14416353522125,II 2020
Warszawa,city,2020Q2,2020,2,20202,101.01934484823471,110.42207772268893,II 2020
Wrocław,city,2020Q2,2020,2,20202,104.21199704006241,115.98615615176678,II 2020
Zielona Góra,city,2020Q2,2020,2,20202,97.99396853189846,115.01319370707854,II 2020
Łódź,city,2020Q2,2020,2,20202,104.10724027745306,110.67217384037535,II 2020
Białystok,city,2021Q2,2021,2,20212,107.82505998732994,116.33114801232416,II 2021
Bydgoszcz,city,2021Q2,2021,2,20212,102.15517241379311,103.94736842105262,II 2021
Katowice,city,2021Q2,2021,2,20212,106.79437516264332,107.81610315420029,II 2021
Kielce,city,2021Q2,2021,2,20212,106.6947219647768,110.6926009428421,II 2021
Kraków,city,2021Q2,2021,2,20212,105.13809743621927,109.13377243146552,II 2021
Lublin,city,2021Q2,2021,2,20212,104.63917525773195,108.63914373088683,II 2021
Olsztyn,city,2021Q2,2021,2,20212,104.46401686239086,108.21116656269496,II 2021
Opole,city,2021Q2,2021,2,20212,100.87146254921944,104.39516062452296,II 2021
Poznań,city,2021Q2,2021,2,20212,103.4378425262146,105.36125149942667,II 2021
Rzeszów,city,2021Q2,2021,2,20212,101.32802124833998,99.86910994764396,II 2021
Szczecin,city,2021Q2,2021,2,20212,107.20398645965959,110.73473205391593,II 2021
Trójmiasto,city_group,2021Q2,2021,2,20212,99.66321281241412,104.39235053457878,II 2021
Warszawa,city,2021Q2,2021,2,20212,103.34135167020541,108.01650341861222,II 2021
Wrocław,city,2021Q2,2021,2,20212,105.2781056609271,110.40278624665629,II 2021
Zielona Góra,city,2021Q2,2021,2,20212,111.3823077455735,107.25752924275658,II 2021
Łódź,city,2021Q2,2021,2,20212,104.29250457038393,106.76748016170086,II 2021
Białystok,city,2022Q2,2022,2,20222,106.44171779141105,118.2941514284339,II 2022
Bydgoszcz,city,2022Q2,2022,2,20222,103.68722186904004,114.69760900140646,II 2022
Katowice,city,2022Q2,2022,2,20222,102.60594583314058,114.25121606146182,II 2022
Kielce,city,2022Q2,2022,2,20222,107.46053566730072,121.28727984586862,II 2022
Kraków,city,2022Q2,2022,2,20222,108.07315172714418,114.61077745481643,II 2022
Lublin,city,2022Q2,2022,2,20222,100.79901659496007,115.41168191414496,II 2022
Olsztyn,city,2022Q2,2022,2,20222,102.22179413086754,114.71499603660733,II 2022
Opole,city,2022Q2,2022,2,20222,105.44263407248155,115.22881329391024,II 2022
Poznań,city,2022Q2,2022,2,20222,102.42732156916212,112.85115918684254,II 2022
Rzeszów,city,2022Q2,2022,2,20222,105.79523502897617,107.66710353866318,II 2022
Szczecin,city,2022Q2,2022,2,20222,105.1272376588184,120.33666436519906,II 2022
Trójmiasto,city_group,2022Q2,2022,2,20222,107.20768745459885,115.42362357875655,II 2022
Warszawa,city,2022Q2,2022,2,20222,100.41075949802318,111.19139682314419,II 2022
Wrocław,city,2022Q2,2022,2,20222,106.91802980094474,115.86883029073698,II 2022
Zielona Góra,city,2022Q2,2022,2,20222,106.88079128187063,113.83459334042305,II 2022
Łódź,city,2022Q2,2022,2,20222,107.42053865770976,121.09101107839011,II 2022
Białystok,city,2023Q2,2023,2,20232,100.11415525114155,101.09510086455332,II 2023
Bydgoszcz,city,2023Q2,2023,2,20232,100.74859638178415,99.01900674432864,II 2023
Katowice,city,2023Q2,2023,2,20232,99.98002172514063,102.91028117253131,II 2023
Kielce,city,2023Q2,2023,2,20232,101.95090058896913,102.4410097241313,II 2023
Kraków,city,2023Q2,2023,2,20232,102.15111958144504,105.7704416784742,II 2023
Lublin,city,2023Q2,2023,2,20232,103.18924458913608,104.3658536585366,II 2023
Olsztyn,city,2023Q2,2023,2,20232,108.29714137551046,104.9500596771154,II 2023
Opole,city,2023Q2,2023,2,20232,103.581528799559,107.683735019021,II 2023
Poznań,city,2023Q2,2023,2,20232,103.2793645623058,105.72504893214807,II 2023
Rzeszów,city,2023Q2,2023,2,20232,106.9461827284105,104.01704199634814,II 2023
Szczecin,city,2023Q2,2023,2,20232,98.29494764260832,96.65780692606322,II 2023
Trójmiasto,city_group,2023Q2,2023,2,20232,102.33163194792184,101.37500287167371,II 2023
Warszawa,city,2023Q2,2023,2,20232,103.71971533694762,103.11094206813817,II 2023
Wrocław,city,2023Q2,2023,2,20232,103.31264052558772,109.12645153760867,II 2023
Zielona Góra,city,2023Q2,2023,2,20232,98.17492984235967,105.88096963847262,II 2023
Łódź,city,2023Q2,2023,2,20232,95.7629135920019,93.17892298784018,II 2023
Białystok,city,2024Q2,2024,2,20242,104.230377166157,116.59064994298744,II 2024
Bydgoszcz,city,2024Q2,2024,2,20242,99.05593476107651,112.56630294090324,II 2024
Katowice,city,2024Q2,2024,2,20242,101.06618335124973,116.37460794584022,II 2024
Kielce,city,2024Q2,2024,2,20242,109.3456472634734,121.35383170226883,II 2024
Kraków,city,2024Q2,2024,2,20242,107.59066990007042,129.25460339307966,II 2024
Lublin,city,2024Q2,2024,2,20242,104.54785827604442,115.50595933629353,II 2024
Olsztyn,city,2024Q2,2024,2,20242,103.13069216757741,108.44556174058778,II 2024
Opole,city,2024Q2,2024,2,20242,105.35111532401442,116.52658243309224,II 2024
Poznań,city,2024Q2,2024,2,20242,103.00765389034616,116.81206019613614,II 2024
Rzeszów,city,2024Q2,2024,2,20242,107.74125132555675,118.89994148624925,II 2024
Szczecin,city,2024Q2,2024,2,20242,101.93866750931781,116.21287484833786,II 2024
Trójmiasto,city_group,2024Q2,2024,2,20242,105.90769803225766,117.74707236223702,II 2024
Warszawa,city,2024Q2,2024,2,20242,102.5413105536764,117.81961391225622,II 2024
Wrocław,city,2024Q2,2024,2,20242,101.69798761062097,113.01623978916997,II 2024
Zielona Góra,city,2024Q2,2024,2,20242,102.39396745786892,116.28322698380111,II 2024
Łódź,city,2024Q2,2024,2,20242,100.20470291832876,118.63658960974396,II 2024
Białystok,city,2025Q2,2025,2,20252,99.34913993491399,104.49877750611248,II 2025
Bydgoszcz,city,2025Q2,2025,2,20252,100.1908928711023,107.38241034122444,II 2025
Katowice,city,2025Q2,2025,2,20252,104.60222929295814,109.59955365788173,II 2025
Kielce,city,2025Q2,2025,2,20252,98.962221471606,102.0638910774314,II 2025
Kraków,city,2025Q2,2025,2,20252,99.34262580568237,103.19813125907271,II 2025
Lublin,city,2025Q2,2025,2,20252,101.6646024275452,103.79868487607486,II 2025
Olsztyn,city,2025Q2,2025,2,20252,101.80438536815115,107.37277845236783,II 2025
Opole,city,2025Q2,2025,2,20252,99.87158104309167,106.39199613950193,II 2025
Poznań,city,2025Q2,2025,2,20252,100.98960865152226,103.10255862764942,II 2025
Rzeszów,city,2025Q2,2025,2,20252,98.28703703703704,104.47834645669292,II 2025
Szczecin,city,2025Q2,2025,2,20252,104.81048439675816,106.35830313249271,II 2025
Trójmiasto,city_group,2025Q2,2025,2,20252,99.49628519318846,101.32250957936041,II 2025
Warszawa,city,2025Q2,2025,2,20252,100.19673856914592,102.15961428980683,II 2025
Wrocław,city,2025Q2,2025,2,20252,102.07138702577517,105.66557148674039,II 2025
Zielona Góra,city,2025Q2,2025,2,20252,106.16012612544117,112.60683631433062,II 2025
Łódź,city,2025Q2,2025,2,20252,101.39593908629443,108.81567230632237,II 2025
Białystok,city,2026Q2,2026,2,20262,101.55002348520432,101.16986429574169,II 2026
Bydgoszcz,city,2026Q2,2026,2,20262,101.70000000000002,104.19259898930369,II 2026
Katowice,city,2026Q2,2026,2,20262,100.80090765147771,96.96376072940541,II 2026
Kielce,city,2026Q2,2026,2,20262,101.2978491001528,104.68388111587304,II 2026
Kraków,city,2026Q2,2026,2,20262,98.2074605337349,98.54819575189099,II 2026
Lublin,city,2026Q2,2026,2,20262,103.27468230694039,102.96769163296136,II 2026
Olsztyn,city,2026Q2,2026,2,20262,103.30658268996343,104.55026781400035,II 2026
Opole,city,2026Q2,2026,2,20262,102.05688198681109,104.67691948716478,II 2026
Poznań,city,2026Q2,2026,2,20262,103.17706901864476,104.36654814244251,II 2026
Rzeszów,city,2026Q2,2026,2,20262,98.04634257155838,101.64861045690061,II 2026
Szczecin,city,2026Q2,2026,2,20262,100.36884054970132,99.78696532576818,II 2026
Trójmiasto,city_group,2026Q2,2026,2,20262,102.34263655164175,110.62297394560939,II 2026
Warszawa,city,2026Q2,2026,2,20262,98.66618481846169,101.19716303914339,II 2026
Wrocław,city,2026Q2,2026,2,20262,99.51460016673441,99.00680181392951,II 2026
Zielona Góra,city,2026Q2,2026,2,20262,102.58253421153769,103.71346951426852,II 2026
Łódź,city,2026Q2,2026,2,20262,99.40229238558116,100.80213983491164,II 2026
Białystok,city,2006Q3,2006,3,20063,,,III 2006
Bydgoszcz,city,2006Q3,2006,3,20063,,,III 2006
Katowice,city,2006Q3,2006,3,20063,,,III 2006
Kielce,city,2006Q3,2006,3,20063,,,III 2006
Kraków,city,2006Q3,2006,3,20063,,,III 2006
Lublin,city,2006Q3,2006,3,20063,,,III 2006
Olsztyn,city,2006Q3,2006,3,20063,,,III 2006
Opole,city,2006Q3,2006,3,20063,,,III 2006
Poznań,city,2006Q3,2006,3,20063,,,III 2006
Rzeszów,city,2006Q3,2006,3,20063,,,III 2006
Szczecin,city,2006Q3,2006,3,20063,,,III 2006
Trójmiasto,city_group,2006Q3,2006,3,20063,,,III 2006
Warszawa,city,2006Q3,2006,3,20063,,,III 2006
Wrocław,city,2006Q3,2006,3,20063,,,III 2006
Zielona Góra,city,2006Q3,2006,3,20063,,,III 2006
Łódź,city,2006Q3,2006,3,20063,,,III 2006
Białystok,city,2007Q3,2007,3,20073,105.60569179374116,173.94807674189906,III 2007
Bydgoszcz,city,2007Q3,2007,3,20073,114.46188340807173,164.4122383252818,III 2007
Katowice,city,2007Q3,2007,3,20073,111.00775649596866,177.42917833555558,III 2007
Kielce,city,2007Q3,2007,3,20073,112.92548869715672,173.0124864534741,III 2007
Kraków,city,2007Q3,2007,3,20073,96.96735720433685,127.24726653844074,III 2007
Lublin,city,2007Q3,2007,3,20073,108.80364689265174,148.08601950470512,III 2007
Olsztyn,city,2007Q3,2007,3,20073,102.24358458988571,136.81741902161238,III 2007
Opole,city,2007Q3,2007,3,20073,108.18839814124345,,III 2007
Poznań,city,2007Q3,2007,3,20073,103.28205128205128,171.46262557466372,III 2007
Rzeszów,city,2007Q3,2007,3,20073,107.88381742738589,152.94117647058823,III 2007
Szczecin,city,2007Q3,2007,3,20073,111.17118967284813,153.36217025548942,III 2007
Trójmiasto,city_group,2007Q3,2007,3,20073,100.43916477020743,155.01115529604635,III 2007
Warszawa,city,2007Q3,2007,3,20073,106.1408687374264,155.49180558022152,III 2007
Wrocław,city,2007Q3,2007,3,20073,112.26720076376606,135.68427468184794,III 2007
Zielona Góra,city,2007Q3,2007,3,20073,111.97046252382165,144.31033602048572,III 2007
Łódź,city,2007Q3,2007,3,20073,109.41302622538191,209.97496717317551,III 2007
Białystok,city,2008Q3,2008,3,20083,102.84565784856224,98.64548607310525,III 2008
Bydgoszcz,city,2008Q3,2008,3,20083,97.98657718120806,100.0979431929481,III 2008
Katowice,city,2008Q3,2008,3,20083,88.63835326809489,99.7568985700576,III 2008
Kielce,city,2008Q3,2008,3,20083,95.7253471918187,100.97570458403082,III 2008
Kraków,city,2008Q3,2008,3,20083,91.03334974991289,88.1438282723837,III 2008
Lublin,city,2008Q3,2008,3,20083,100.2898996953123,113.52254263986399,III 2008
Olsztyn,city,2008Q3,2008,3,20083,95.33584928453499,99.54462852623581,III 2008
Opole,city,2008Q3,2008,3,20083,99.49645888194406,93.10688732725278,III 2008
Poznań,city,2008Q3,2008,3,20083,99.50298210735586,99.40417080436941,III 2008
Rzeszów,city,2008Q3,2008,3,20083,100.92764378478665,104.61538461538463,III 2008
Szczecin,city,2008Q3,2008,3,20083,103.45120184927465,102.98029278496142,III 2008
Trójmiasto,city_group,2008Q3,2008,3,20083,92.71154225049813,98.98934396399474,III 2008
Warszawa,city,2008Q3,2008,3,20083,102.10619365312581,97.48289665478829,III 2008
Wrocław,city,2008Q3,2008,3,20083,99.24376724566687,85.26123963863417,III 2008
Zielona Góra,city,2008Q3,2008,3,20083,95.06770912188335,94.98693531165088,III 2008
Łódź,city,2008Q3,2008,3,20083,97.95361023735816,95.4143570858248,III 2008
Białystok,city,2009Q3,2009,3,20093,101.69310543140908,95.91884539090852,III 2009
Bydgoszcz,city,2009Q3,2009,3,20093,99.18200408997956,94.9119373776908,III 2009
Katowice,city,2009Q3,2009,3,20093,105.30957720685821,94.81355926540874,III 2009
Kielce,city,2009Q3,2009,3,20093,99.20909236391992,94.93263723460403,III 2009
Kraków,city,2009Q3,2009,3,20093,104.54503088002775,98.92376698927835,III 2009
Lublin,city,2009Q3,2009,3,20093,97.65941372641818,94.65387694282413,III 2009
Olsztyn,city,2009Q3,2009,3,20093,97.80663003765417,98.21066872000158,III 2009
Opole,city,2009Q3,2009,3,20093,81.86759271102576,92.22792456397946,III 2009
Poznań,city,2009Q3,2009,3,20093,106.56506447831184,90.80919080919082,III 2009
Rzeszów,city,2009Q3,2009,3,20093,103.88548057259715,93.38235294117648,III 2009
Szczecin,city,2009Q3,2009,3,20093,99.77610061069235,91.47872532466194,III 2009
Trójmiasto,city_group,2009Q3,2009,3,20093,98.5500373316021,95.82403468746385,III 2009
Warszawa,city,2009Q3,2009,3,20093,99.14841600221315,92.48382694699804,III 2009
Wrocław,city,2009Q3,2009,3,20093,104.17043131936788,96.21666278819406,III 2009
Zielona Góra,city,2009Q3,2009,3,20093,96.3925409558907,94.37557578401292,III 2009
Łódź,city,2009Q3,2009,3,20093,98.44021308190176,98.50992816849481,III 2009
Białystok,city,2010Q3,2010,3,20103,100.71210579857579,100.7276152812666,III 2010
Bydgoszcz,city,2010Q3,2010,3,20103,104.12060301507537,106.80412371134021,III 2010
Katowice,city,2010Q3,2010,3,20103,104.03167338981586,97.80498630462179,III 2010
Kielce,city,2010Q3,2010,3,20103,97.14611402024512,103.53279558051412,III 2010
Kraków,city,2010Q3,2010,3,20103,102.2338899797823,107.93998183689854,III 2010
Lublin,city,2010Q3,2010,3,20103,100.35312117131112,108.89660990728282,III 2010
Olsztyn,city,2010Q3,2010,3,20103,99.74157629849825,103.49962147035295,III 2010
Opole,city,2010Q3,2010,3,20103,89.36690758293972,109.01761756857533,III 2010
Poznań,city,2010Q3,2010,3,20103,93.45321311956198,98.5038503850385,III 2010
Rzeszów,city,2010Q3,2010,3,20103,101.27272727272727,109.64566929133859,III 2010
Szczecin,city,2010Q3,2010,3,20103,93.63911266271823,97.65290274566124,III 2010
Trójmiasto,city_group,2010Q3,2010,3,20103,96.4535489288195,98.8707837158071,III 2010
Warszawa,city,2010Q3,2010,3,20103,97.80045108977798,101.9429618955124,III 2010
Wrocław,city,2010Q3,2010,3,20103,98.79618930205119,106.16511634953405,III 2010
Zielona Góra,city,2010Q3,2010,3,20103,96.33663366336633,104.65552466055018,III 2010
Łódź,city,2010Q3,2010,3,20103,99.42314536345819,101.21239401162046,III 2010
Białystok,city,2011Q3,2011,3,20113,95.87203302373581,93.83838383838385,III 2011
Bydgoszcz,city,2011Q3,2011,3,20113,96.60194174757282,96.04247104247105,III 2011
Katowice,city,2011Q3,2011,3,20113,96.40491958372753,97.14013346043852,III 2011
Kielce,city,2011Q3,2011,3,20113,97.74558743105898,103.17373054254963,III 2011
Kraków,city,2011Q3,2011,3,20113,100.53069150283909,98.99867497241924,III 2011
Lublin,city,2011Q3,2011,3,20113,103.8300457276694,103.25366578621906,III 2011
Olsztyn,city,2011Q3,2011,3,20113,100.2156278878735,100.2259190798932,III 2011
Opole,city,2011Q3,2011,3,20113,117.6790496708862,108.7532755668888,III 2011
Poznań,city,2011Q3,2011,3,20113,100.69332587627777,99.93325120616484,III 2011
Rzeszów,city,2011Q3,2011,3,20113,96.05954465849386,98.47396768402155,III 2011
Szczecin,city,2011Q3,2011,3,20113,96.51263283542826,97.66116394550737,III 2011
Trójmiasto,city_group,2011Q3,2011,3,20113,95.42253812873822,96.9148404483144,III 2011
Warszawa,city,2011Q3,2011,3,20113,100.259390679561,99.17450033437746,III 2011
Wrocław,city,2011Q3,2011,3,20113,100.29268292682927,98.71979789838254,III 2011
Zielona Góra,city,2011Q3,2011,3,20113,95.04289799809342,102.4665981500514,III 2011
Łódź,city,2011Q3,2011,3,20113,93.12694704049844,97.72375068903877,III 2011
Białystok,city,2012Q3,2012,3,20123,105.81140350877192,103.8751345532831,III 2012
Bydgoszcz,city,2012Q3,2012,3,20123,98.43260188087774,94.67336683417086,III 2012
Katowice,city,2012Q3,2012,3,20123,101.62107396149949,98.42983316977428,III 2012
Kielce,city,2012Q3,2012,3,20123,101.17065264598064,96.4414844225279,III 2012
Kraków,city,2012Q3,2012,3,20123,97.66841264551832,93.02725253468672,III 2012
Lublin,city,2012Q3,2012,3,20123,101.68063718458711,93.30484337164327,III 2012
Olsztyn,city,2012Q3,2012,3,20123,98.38693105928286,98.11475409836066,III 2012
Opole,city,2012Q3,2012,3,20123,84.46149442553588,85.7055908057406,III 2012
Poznań,city,2012Q3,2012,3,20123,101.09183477537908,93.69379910778513,III 2012
Rzeszów,city,2012Q3,2012,3,20123,104.51671183378501,105.46946216955332,III 2012
Szczecin,city,2012Q3,2012,3,20123,99.37569661676818,97.0326972817128,III 2012
Trójmiasto,city_group,2012Q3,2012,3,20123,97.0107404922776,91.52279936823142,III 2012
Warszawa,city,2012Q3,2012,3,20123,99.05975625558219,95.98324373361365,III 2012
Wrocław,city,2012Q3,2012,3,20123,100.1063829787234,91.53696498054474,III 2012
Zielona Góra,city,2012Q3,2012,3,20123,99.9028182701652,103.10932798395184,III 2012
Łódź,city,2012Q3,2012,3,20123,104.00794965220273,98.47376123771691,III 2012
Białystok,city,2013Q3,2013,3,20133,99.78378378378379,95.64766839378238,III 2013
Bydgoszcz,city,2013Q3,2013,3,20133,99.67141292442497,96.60297239915074,III 2013
Katowice,city,2013Q3,2013,3,20133,105.49446703191339,99.40179461615155,III 2013
Kielce,city,2013Q3,2013,3,20133,101.8392326267127,99.41325898270223,III 2013
Kraków,city,2013Q3,2013,3,20133,101.14878484756919,100.1771282912368,III 2013
Lublin,city,2013Q3,2013,3,20133,91.54654898048005,89.19819682020915,III 2013
Olsztyn,city,2013Q3,2013,3,20133,99.62280418148507,96.5329991645781,III 2013
Opole,city,2013Q3,2013,3,20133,96.62896252513836,105.73814193180331,III 2013
Poznań,city,2013Q3,2013,3,20133,103.24008971195144,102.13515855500279,III 2013
Rzeszów,city,2013Q3,2013,3,20133,99.64093357271095,95.93777009507346,III 2013
Szczecin,city,2013Q3,2013,3,20133,100.37747332807336,96.56193058702783,III 2013
Trójmiasto,city_group,2013Q3,2013,3,20133,105.55789151871122,99.3736335270127,III 2013
Warszawa,city,2013Q3,2013,3,20133,103.03588912399874,95.23587001020134,III 2013
Wrocław,city,2013Q3,2013,3,20133,98.7709497206704,93.94261424017004,III 2013
Zielona Góra,city,2013Q3,2013,3,20133,89.56356736242884,91.82879377431907,III 2013
Łódź,city,2013Q3,2013,3,20133,99.07621247113164,91.0828025477707,III 2013
Białystok,city,2014Q3,2014,3,20143,104.11568409343714,101.40845070422534,III 2014
Bydgoszcz,city,2014Q3,2014,3,20143,104.13043478260869,105.27472527472528,III 2014
Katowice,city,2014Q3,2014,3,20143,110.67980741146148,111.78993587095458,III 2014
Kielce,city,2014Q3,2014,3,20143,99.32433167679095,97.1968282361064,III 2014
Kraków,city,2014Q3,2014,3,20143,98.83221475237379,101.06596372929404,III 2014
Lublin,city,2014Q3,2014,3,20143,102.66511475681241,106.35012118367659,III 2014
Olsztyn,city,2014Q3,2014,3,20143,98.61483947170622,99.3509303331891,III 2014
Opole,city,2014Q3,2014,3,20143,97.38788910139226,105.08900240007976,III 2014
Poznań,city,2014Q3,2014,3,20143,103.06262602603786,98.6489574793175,III 2014
Rzeszów,city,2014Q3,2014,3,20143,102.493321460374,103.69369369369367,III 2014
Szczecin,city,2014Q3,2014,3,20143,103.60252592045947,98.29828503241517,III 2014
Trójmiasto,city_group,2014Q3,2014,3,20143,99.31910724797764,100.48750976542931,III 2014
Warszawa,city,2014Q3,2014,3,20143,102.44391837022285,102.16080870291613,III 2014
Wrocław,city,2014Q3,2014,3,20143,96.77765843179377,101.92307692307692,III 2014
Zielona Góra,city,2014Q3,2014,3,20143,97.66145255621966,103.93008843922149,III 2014
Łódź,city,2014Q3,2014,3,20143,98.29738933030647,100.93240093240092,III 2014
Białystok,city,2015Q3,2015,3,20153,101.30010834236187,99.8931623931624,III 2015
Bydgoszcz,city,2015Q3,2015,3,20153,101.1578947368421,100.31315240083507,III 2015
Katowice,city,2015Q3,2015,3,20153,98.78719025751217,92.57017142571318,III 2015
Kielce,city,2015Q3,2015,3,20153,100.25049349472835,98.99397442135826,III 2015
Kraków,city,2015Q3,2015,3,20153,96.51653025141593,97.82566988338979,III 2015
Lublin,city,2015Q3,2015,3,20153,103.6293677204659,101.12645124382713,III 2015
Olsztyn,city,2015Q3,2015,3,20153,101.21002592912706,102.00348432055749,III 2015
Opole,city,2015Q3,2015,3,20153,99.96456069505444,99.81970975911256,III 2015
Poznań,city,2015Q3,2015,3,20153,104.65175593622564,101.52855889410468,III 2015
Rzeszów,city,2015Q3,2015,3,20153,99.64757709251101,98.26238053866203,III 2015
Szczecin,city,2015Q3,2015,3,20153,104.13201796937909,102.08515537467837,III 2015
Trójmiasto,city_group,2015Q3,2015,3,20153,103.85377785963851,105.16973592938868,III 2015
Warszawa,city,2015Q3,2015,3,20153,97.260593507165,98.28236296883112,III 2015
Wrocław,city,2015Q3,2015,3,20153,102.76548672566372,103.10765815760267,III 2015
Zielona Góra,city,2015Q3,2015,3,20153,103.49651188587833,98.747303940436,III 2015
Łódź,city,2015Q3,2015,3,20153,102.94324577861164,101.3741339491917,III 2015
Białystok,city,2016Q3,2016,3,20163,101.82207931404072,101.60427807486631,III 2016
Bydgoszcz,city,2016Q3,2016,3,20163,101.42131979695432,103.95421436004165,III 2016
Katowice,city,2016Q3,2016,3,20163,102.787448313156,101.96398643246978,III 2016
Kielce,city,2016Q3,2016,3,20163,100.19976628302454,94.24994709572765,III 2016
Kraków,city,2016Q3,2016,3,20163,104.96940522234416,108.8629812402002,III 2016
Lublin,city,2016Q3,2016,3,20163,100.43872768969986,101.08379327646763,III 2016
Olsztyn,city,2016Q3,2016,3,20163,101.59404888416579,102.04953031596925,III 2016
Opole,city,2016Q3,2016,3,20163,103.49473659677903,107.4492911371685,III 2016
Poznań,city,2016Q3,2016,3,20163,101.4959339999963,101.1092346665069,III 2016
Rzeszów,city,2016Q3,2016,3,20163,98.29059829059828,101.67992926613616,III 2016
Szczecin,city,2016Q3,2016,3,20163,100.84297780300726,104.01186684856248,III 2016
Trójmiasto,city_group,2016Q3,2016,3,20163,105.29276727673474,105.21199223370772,III 2016
Warszawa,city,2016Q3,2016,3,20163,101.49576313713689,105.74666664221711,III 2016
Wrocław,city,2016Q3,2016,3,20163,98.50905218317358,99.56942949407966,III 2016
Zielona Góra,city,2016Q3,2016,3,20163,99.57501063892462,102.98791211380485,III 2016
Łódź,city,2016Q3,2016,3,20163,97.1623282314825,99.06595284200932,III 2016
Białystok,city,2017Q3,2017,3,20173,102.52113903109719,104.22563107889333,III 2017
Bydgoszcz,city,2017Q3,2017,3,20173,101.1684518013632,104.004004004004,III 2017
Katowice,city,2017Q3,2017,3,20173,111.0433190768152,108.5194770664289,III 2017
Kielce,city,2017Q3,2017,3,20173,100.68466694597014,100.55838127557877,III 2017
Kraków,city,2017Q3,2017,3,20173,96.96240644458972,99.44614262044217,III 2017
Lublin,city,2017Q3,2017,3,20173,101.55062024809925,100.77434726496574,III 2017
Olsztyn,city,2017Q3,2017,3,20173,100.7902672351045,101.39121338912135,III 2017
Opole,city,2017Q3,2017,3,20173,102.05821796479275,103.66805972172865,III 2017
Poznań,city,2017Q3,2017,3,20173,100.09089948705558,100.96067099497165,III 2017
Rzeszów,city,2017Q3,2017,3,20173,98.58921161825725,103.30434782608695,III 2017
Szczecin,city,2017Q3,2017,3,20173,101.9441144718591,105.68022144436566,III 2017
Trójmiasto,city_group,2017Q3,2017,3,20173,104.5410613487316,110.28078126312262,III 2017
Warszawa,city,2017Q3,2017,3,20173,100.8471604331145,101.97722978798754,III 2017
Wrocław,city,2017Q3,2017,3,20173,104.32098765432099,109.62162162162163,III 2017
Zielona Góra,city,2017Q3,2017,3,20173,95.18735156435515,105.00028065682886,III 2017
Łódź,city,2017Q3,2017,3,20173,106.60262780170035,111.0152926296424,III 2017
Białystok,city,2018Q3,2018,3,20183,98.78185343887574,107.762158224465,III 2018
Bydgoszcz,city,2018Q3,2018,3,20183,104.85981308411215,107.98845043310877,III 2018
Katowice,city,2018Q3,2018,3,20183,99.20361492465243,105.24895560966002,III 2018
Kielce,city,2018Q3,2018,3,20183,100.80051032758956,104.63334842025522,III 2018
Kraków,city,2018Q3,2018,3,20183,106.70368146555455,111.91619124812647,III 2018
Lublin,city,2018Q3,2018,3,20183,103.11136958418143,104.7975568909467,III 2018
Olsztyn,city,2018Q3,2018,3,20183,102.98055311247924,108.71763128030537,III 2018
Opole,city,2018Q3,2018,3,20183,98.85969627721464,100.63051332727527,III 2018
Poznań,city,2018Q3,2018,3,20183,101.8349230628578,108.48123471200992,III 2018
Rzeszów,city,2018Q3,2018,3,20183,101.74050632911391,108.24915824915824,III 2018
Szczecin,city,2018Q3,2018,3,20183,103.32523043373982,109.90674946954198,III 2018
Trójmiasto,city_group,2018Q3,2018,3,20183,102.94430278329874,110.04605730423256,III 2018
Warszawa,city,2018Q3,2018,3,20183,101.06599730158152,105.2066946742822,III 2018
Wrocław,city,2018Q3,2018,3,20183,102.10696920583469,111.83431952662721,III 2018
Zielona Góra,city,2018Q3,2018,3,20183,99.71647619395509,108.05140470600239,III 2018
Łódź,city,2018Q3,2018,3,20183,106.99100168100466,112.06628689798033,III 2018
Białystok,city,2019Q3,2019,3,20193,102.03191643415485,114.72213393482629,III 2019
Bydgoszcz,city,2019Q3,2019,3,20193,105.7518488085456,114.70588235294117,III 2019
Katowice,city,2019Q3,2019,3,20193,106.18272145677534,114.31370023234162,III 2019
Kielce,city,2019Q3,2019,3,20193,105.81748484274365,109.67548240877333,III 2019
Kraków,city,2019Q3,2019,3,20193,102.96991331868244,109.73028870744548,III 2019
Lublin,city,2019Q3,2019,3,20193,103.59019264448335,111.2051137431848,III 2019
Olsztyn,city,2019Q3,2019,3,20193,101.50421179302046,112.0611121654963,III 2019
Opole,city,2019Q3,2019,3,20193,106.24872699127104,114.8193401197873,III 2019
Poznań,city,2019Q3,2019,3,20193,101.50570280258187,107.26418803875532,III 2019
Rzeszów,city,2019Q3,2019,3,20193,102.28782287822878,107.7760497667185,III 2019
Szczecin,city,2019Q3,2019,3,20193,104.52322842656083,115.78952257300095,III 2019
Trójmiasto,city_group,2019Q3,2019,3,20193,98.48140625852405,109.83712642501746,III 2019
Warszawa,city,2019Q3,2019,3,20193,104.17251698552754,111.8447880260637,III 2019
Wrocław,city,2019Q3,2019,3,20193,104.15584415584416,106.08465608465607,III 2019
Zielona Góra,city,2019Q3,2019,3,20193,99.05893805226226,112.76357287143969,III 2019
Łódź,city,2019Q3,2019,3,20193,100.51465885846935,112.12569316081328,III 2019
Białystok,city,2020Q3,2020,3,20203,104.93482733458315,108.08071475854697,III 2020
Bydgoszcz,city,2020Q3,2020,3,20203,98.31871345029239,104.50660450660452,III 2020
Katowice,city,2020Q3,2020,3,20203,101.35986219329835,113.37127937720525,III 2020
Kielce,city,2020Q3,2020,3,20203,100.57120982253069,109.33325434518044,III 2020
Kraków,city,2020Q3,2020,3,20203,101.19522936465997,115.066268637451,III 2020
Lublin,city,2020Q3,2020,3,20203,101.29969418960243,112.00338123415048,III 2020
Olsztyn,city,2020Q3,2020,3,20203,100.74859638178414,109.40807858413073,III 2020
Opole,city,2020Q3,2020,3,20203,100.03905613657386,110.69975481179112,III 2020
Poznań,city,2020Q3,2020,3,20203,100.6730697304647,108.13710124077123,III 2020
Rzeszów,city,2020Q3,2020,3,20203,96.66230366492145,106.56565656565655,III 2020
Szczecin,city,2020Q3,2020,3,20203,102.96983325071882,111.2992286271693,III 2020
Trójmiasto,city_group,2020Q3,2020,3,20203,101.97788025817951,108.8771914029524,III 2020
Warszawa,city,2020Q3,2020,3,20203,99.1930981513727,105.14393153375453,III 2020
Wrocław,city,2020Q3,2020,3,20203,99.52158832945524,110.82552859137249,III 2020
Zielona Góra,city,2020Q3,2020,3,20203,90.38616513396872,104.94359947114053,III 2020
Łódź,city,2020Q3,2020,3,20203,104.79862254828566,115.38905374216948,III 2020
Białystok,city,2021Q3,2021,3,20213,103.2637189088141,114.47855086645062,III 2021
Bydgoszcz,city,2021Q3,2021,3,20213,100.56258790436006,106.31970260223049,III 2021
Katowice,city,2021Q3,2021,3,20213,105.89620109199342,112.64138973274163,III 2021
Kielce,city,2021Q3,2021,3,20213,102.1022293284825,112.37770079902445,III 2021
Kraków,city,2021Q3,2021,3,20213,103.71756372449883,111.85397837151798,III 2021
Lublin,city,2021Q3,2021,3,20213,104.64461646727656,112.22641509433961,III 2021
Olsztyn,city,2021Q3,2021,3,20213,102.35641709303162,109.93808049535605,III 2021
Opole,city,2021Q3,2021,3,20213,102.24712104107371,106.69937359170589,III 2021
Poznań,city,2021Q3,2021,3,20213,102.6109420108084,107.38936735255113,III 2021
Rzeszów,city,2021Q3,2021,3,20213,100.52424639580605,103.85917400135412,III 2021
Szczecin,city,2021Q3,2021,3,20213,101.72578068479868,109.39686616446917,III 2021
Trójmiasto,city_group,2021Q3,2021,3,20213,100.48031094357538,102.8593241523458,III 2021
Warszawa,city,2021Q3,2021,3,20213,102.32148253859307,111.42316324832382,III 2021
Wrocław,city,2021Q3,2021,3,20213,102.01007971104272,113.1633569599026,III 2021
Zielona Góra,city,2021Q3,2021,3,20213,101.67929644947311,120.65862177190274,III 2021
Łódź,city,2021Q3,2021,3,20213,104.14387883887252,106.10043574541037,III 2021
Białystok,city,2022Q3,2022,3,20223,101.15273775216139,115.87590882351519,III 2022
Bydgoszcz,city,2022Q3,2022,3,20223,98.89638258736973,112.7972027972028,III 2022
Katowice,city,2022Q3,2022,3,20223,99.507752378532,107.3587305262613,III 2022
Kielce,city,2022Q3,2022,3,20223,101.47570975733696,120.54303699187594,III 2022
Kraków,city,2022Q3,2022,3,20223,102.56296094315532,113.33490943719913,III 2022
Lublin,city,2022Q3,2022,3,20223,103.10975609756096,113.7188971082717,III 2022
Olsztyn,city,2022Q3,2022,3,20223,100.15076323889691,112.24303013235709,III 2022
Opole,city,2022Q3,2022,3,20223,100.40735218789902,113.15546023000091,III 2022
Poznań,city,2022Q3,2022,3,20223,102.3981017514835,112.61707820565523,III 2022
Rzeszów,city,2022Q3,2022,3,20223,97.68715763846622,104.62842242503258,III 2022
Szczecin,city,2022Q3,2022,3,20223,96.33207269157793,113.95616942974867,III 2022
Trójmiasto,city_group,2022Q3,2022,3,20223,97.2212050228212,111.67982729202262,III 2022
Warszawa,city,2022Q3,2022,3,20223,99.62268562418704,108.25865004104382,III 2022
Wrocław,city,2022Q3,2022,3,20223,99.70799481357571,113.25399178600244,III 2022
Zielona Góra,city,2022Q3,2022,3,20223,105.3122714899249,117.90187400410512,III 2022
Łódź,city,2022Q3,2022,3,20223,100.73537927041112,117.12785295899819,III 2022
Białystok,city,2023Q3,2023,3,20233,105.7012542759407,105.64102564102565,III 2023
Bydgoszcz,city,2023Q3,2023,3,20233,99.38080495356037,99.5040297582145,III 2023
Katowice,city,2023Q3,2023,3,20233,101.84198706432079,105.32433175748879,III 2023
Kielce,city,2023Q3,2023,3,20233,100.3770202386885,101.33186878850431,III 2023
Kraków,city,2023Q3,2023,3,20233,105.75842574669944,109.06583916437759,III 2023
Lublin,city,2023Q3,2023,3,20233,102.59406403365273,103.84387936132467,III 2023
Olsztyn,city,2023Q3,2023,3,20233,100.02992757526786,104.82343348177884,III 2023
Opole,city,2023Q3,2023,3,20233,101.71368790448281,109.08473908979106,III 2023
Poznań,city,2023Q3,2023,3,20233,103.11831810292185,106.46866534392836,III 2023
Rzeszów,city,2023Q3,2023,3,20233,102.98420128730253,109.65732087227413,III 2023
Szczecin,city,2023Q3,2023,3,20233,106.9305760715665,107.29214775134608,III 2023
Trójmiasto,city_group,2023Q3,2023,3,20233,107.19638428562126,111.77637391181301,III 2023
Warszawa,city,2023Q3,2023,3,20233,105.4877546414093,109.18137459935686,III 2023
Wrocław,city,2023Q3,2023,3,20233,99.95098103827299,109.39239033743422,III 2023
Zielona Góra,city,2023Q3,2023,3,20233,107.07120874006328,107.64940534822462,III 2023
Łódź,city,2023Q3,2023,3,20233,107.99776286353469,99.8965338851526,III 2023
Białystok,city,2024Q3,2024,3,20243,106.21026894865525,117.15210355987054,III 2024
Bydgoszcz,city,2024Q3,2024,3,20243,99.76412280904803,113.00047807023172,III 2024
Katowice,city,2024Q3,2024,3,20243,103.50321250057026,118.27288648915939,III 2024
Kielce,city,2024Q3,2024,3,20243,101.04034635038563,122.1557798486792,III 2024
Kraków,city,2024Q3,2024,3,20243,102.56731511332869,125.3545288941677,III 2024
Lublin,city,2024Q3,2024,3,20243,101.16337885685383,113.89521640091115,III 2024
Olsztyn,city,2024Q3,2024,3,20243,104.71906391433933,113.52920057443752,III 2024
Opole,city,2024Q3,2024,3,20243,101.41277310279304,116.18184443207346,III 2024
Poznań,city,2024Q3,2024,3,20243,102.6769384042493,116.31206685955719,III 2024
Rzeszów,city,2024Q3,2024,3,20243,106.64370078740157,123.125,III 2024
Szczecin,city,2024Q3,2024,3,20243,108.25830394233495,117.6558584976076,III 2024
Trójmiasto,city_group,2024Q3,2024,3,20243,100.08135139817588,109.93175006530673,III 2024
Warszawa,city,2024Q3,2024,3,20243,101.85847173722127,113.76605611302773,III 2024
Wrocław,city,2024Q3,2024,3,20243,104.82124858161659,118.52313245593797,III 2024
Zielona Góra,city,2024Q3,2024,3,20243,107.07052101649055,116.28248009098789,III 2024
Łódź,city,2024Q3,2024,3,20243,102.09522811796134,112.15259796305888,III 2024
Białystok,city,2025Q3,2025,3,20253,100.46794571829668,98.84898710865562,III 2025
Bydgoszcz,city,2025Q3,2025,3,20253,100.60681632988813,108.28945446589383,III 2025
Katowice,city,2025Q3,2025,3,20253,99.17729660179727,105.01884123154576,III 2025
Kielce,city,2025Q3,2025,3,20253,101.16886298010111,102.19370958826104,III 2025
Kraków,city,2025Q3,2025,3,20253,98.9777393945885,99.58647869921359,III 2025
Lublin,city,2025Q3,2025,3,20253,101.37420203693776,104.01499999999999,III 2025
Olsztyn,city,2025Q3,2025,3,20253,101.3437186029444,103.91189758909819,III 2025
Opole,city,2025Q3,2025,3,20253,104.08122120002761,109.19146124604897,III 2025
Poznań,city,2025Q3,2025,3,20253,100.20696426550546,100.62234586121504,III 2025
Rzeszów,city,2025Q3,2025,3,20253,101.64861045690061,99.58467928011076,III 2025
Szczecin,city,2025Q3,2025,3,20253,96.89617751398855,95.19558911528925,III 2025
Trójmiasto,city_group,2025Q3,2025,3,20253,104.62844105354037,105.92598993536481,III 2025
Warszawa,city,2025Q3,2025,3,20253,97.72882015926578,98.01775347882179,III 2025
Wrocław,city,2025Q3,2025,3,20253,100.47251418261452,101.2818085404632,III 2025
Zielona Góra,city,2025Q3,2025,3,20253,102.2959348933353,107.58536978054948,III 2025
Łódź,city,2025Q3,2025,3,20253,96.88071627996533,103.25791390898362,III 2025
Białystok,city,2006Q4,2006,4,20064,116.95654142844596,,IV 2006
Bydgoszcz,city,2006Q4,2006,4,20064,105.63607085346214,,IV 2006
Katowice,city,2006Q4,2006,4,20064,98.8099074068502,,IV 2006
Kielce,city,2006Q4,2006,4,20064,111.04047118662528,,IV 2006
Kraków,city,2006Q4,2006,4,20064,117.83995422947422,,IV 2006
Lublin,city,2006Q4,2006,4,20064,101.25749630430025,,IV 2006
Olsztyn,city,2006Q4,2006,4,20064,114.83552408020655,,IV 2006
Opole,city,2006Q4,2006,4,20064,,,IV 2006
Poznań,city,2006Q4,2006,4,20064,115.61382598331349,,IV 2006
Rzeszów,city,2006Q4,2006,4,20064,112.3529411764706,,IV 2006
Szczecin,city,2006Q4,2006,4,20064,104.11279484922736,,IV 2006
Trójmiasto,city_group,2006Q4,2006,4,20064,118.69634470315313,,IV 2006
Warszawa,city,2006Q4,2006,4,20064,121.91142823013415,,IV 2006
Wrocław,city,2006Q4,2006,4,20064,103.27905054515132,,IV 2006
Zielona Góra,city,2006Q4,2006,4,20064,107.74503599821168,,IV 2006
Łódź,city,2006Q4,2006,4,20064,123.43274097102439,,IV 2006
Białystok,city,2007Q4,2007,4,20074,99.5947833229732,148.12613985474573,IV 2007
Bydgoszcz,city,2007Q4,2007,4,20074,95.59255631733595,148.78048780487805,IV 2007
Katowice,city,2007Q4,2007,4,20074,78.62046336830886,141.17576447432845,IV 2007
Kielce,city,2007Q4,2007,4,20074,95.77775410819258,149.23160184845986,IV 2007
Kraków,city,2007Q4,2007,4,20074,97.93437779729479,105.75260281059875,IV 2007
Lublin,city,2007Q4,2007,4,20074,108.3335447653524,158.43452592313912,IV 2007
Olsztyn,city,2007Q4,2007,4,20074,106.03904435882995,126.33711110649278,IV 2007
Opole,city,2007Q4,2007,4,20074,94.03825003552375,,IV 2007
Poznań,city,2007Q4,2007,4,20074,97.41807348560079,144.47717231222384,IV 2007
Rzeszów,city,2007Q4,2007,4,20074,110.96153846153847,151.04712041884815,IV 2007
Szczecin,city,2007Q4,2007,4,20074,99.76987818579262,146.96488617808456,IV 2007
Trójmiasto,city_group,2007Q4,2007,4,20074,108.87233647024743,142.18151955933502,IV 2007
Warszawa,city,2007Q4,2007,4,20074,98.74510746804766,125.94434562308345,IV 2007
Wrocław,city,2007Q4,2007,4,20074,86.32438108697444,113.40984423578675,IV 2007
Zielona Góra,city,2007Q4,2007,4,20074,101.43381518895387,135.85728398662133,IV 2007
Łódź,city,2007Q4,2007,4,20074,103.0256224121272,175.25983392899494,IV 2007
Białystok,city,2008Q4,2008,4,20084,99.93491711233268,98.98237784455924,IV 2008
Bydgoszcz,city,2008Q4,2008,4,20084,98.92367906066535,103.5860655737705,IV 2008
Katowice,city,2008Q4,2008,4,20084,107.34772909977994,136.20724255168065,IV 2008
Kielce,city,2008Q4,2008,4,20084,100.42572380562174,105.87592404995154,IV 2008
Kraków,city,2008Q4,2008,4,20084,105.63172071835638,95.07166390934472,IV 2008
Lublin,city,2008Q4,2008,4,20084,97.05485779183687,101.70362518778693,IV 2008
Olsztyn,city,2008Q4,2008,4,20084,102.31580299250695,96.04941899313258,IV 2008
Opole,city,2008Q4,2008,4,20084,101.48600277808258,100.48087690256612,IV 2008
Poznań,city,2008Q4,2008,4,20084,94.10589410589412,96.0244648318043,IV 2008
Rzeszów,city,2008Q4,2008,4,20084,99.54044117647058,93.8474870017331,IV 2008
Szczecin,city,2008Q4,2008,4,20084,95.05382974812393,98.1124904208573,IV 2008
Trójmiasto,city_group,2008Q4,2008,4,20084,101.00636626893792,91.83741487794313,IV 2008
Warszawa,city,2008Q4,2008,4,20084,99.11144947547635,97.8445558900272,IV 2008
Wrocław,city,2008Q4,2008,4,20084,99.01836686221297,97.79889064202301,IV 2008
Zielona Góra,city,2008Q4,2008,4,20084,98.18835544316694,91.9477488790459,IV 2008
Łódź,city,2008Q4,2008,4,20084,105.76838645892607,97.95449285046567,IV 2008
Białystok,city,2009Q4,2009,4,20094,95.13163665452956,91.30859375,IV 2009
Bydgoszcz,city,2009Q4,2009,4,20094,108.24742268041237,103.85756676557864,IV 2009
Katowice,city,2009Q4,2009,4,20094,92.44746299665579,81.65308279248987,IV 2009
Kielce,city,2009Q4,2009,4,20094,104.19295329947175,98.49380679720913,IV 2009
Kraków,city,2009Q4,2009,4,20094,101.37205863494813,94.93460713723294,IV 2009
Lublin,city,2009Q4,2009,4,20094,105.07500283246709,102.47561651373374,IV 2009
Olsztyn,city,2009Q4,2009,4,20094,104.72117213516616,100.51952918055349,IV 2009
Opole,city,2009Q4,2009,4,20094,101.64925728615857,92.37628615122698,IV 2009
Poznań,city,2009Q4,2009,4,20094,97.68976897689768,94.26751592356688,IV 2009
Rzeszów,city,2009Q4,2009,4,20094,101.6732283464567,95.38319482917821,IV 2009
Szczecin,city,2009Q4,2009,4,20094,102.56670416429867,98.70903026805105,IV 2009
Trójmiasto,city_group,2009Q4,2009,4,20094,100.51732814372498,95.3600876314028,IV 2009
Warszawa,city,2009Q4,2009,4,20094,100.46896234302471,93.75056238256172,IV 2009
Wrocław,city,2009Q4,2009,4,20094,103.42123338193842,100.49495111645285,IV 2009
Zielona Góra,city,2009Q4,2009,4,20094,100.21751973130633,96.32594502269885,IV 2009
Łódź,city,2009Q4,2009,4,20094,99.0090268619684,92.21443619159955,IV 2009
Białystok,city,2010Q4,2010,4,20104,98.18181818181819,103.9572192513369,IV 2010
Bydgoszcz,city,2010Q4,2010,4,20104,99.42084942084942,98.09523809523809,IV 2010
Katowice,city,2010Q4,2010,4,20104,98.6653956148713,104.38326108745308,IV 2010
Kielce,city,2010Q4,2010,4,20104,102.66819465221451,102.01769767478169,IV 2010
Kraków,city,2010Q4,2010,4,20104,95.38534949405748,101.56539218534981,IV 2010
Lublin,city,2010Q4,2010,4,20104,98.24723273892424,101.82051191660632,IV 2010
Olsztyn,city,2010Q4,2010,4,20104,97.96672828096119,96.82396679709696,IV 2010
Opole,city,2010Q4,2010,4,20104,97.13459654725095,104.17569770584052,IV 2010
Poznań,city,2010Q4,2010,4,20104,105.4276189412553,106.30618243243244,IV 2010
Rzeszów,city,2010Q4,2010,4,20104,97.03770197486534,104.64666021297194,IV 2010
Szczecin,city,2010Q4,2010,4,20104,101.99420954077361,97.107835394136,IV 2010
Trójmiasto,city_group,2010Q4,2010,4,20104,97.24208071116107,95.64918713638194,IV 2010
Warszawa,city,2010Q4,2010,4,20104,100.0058883127046,101.47309401664899,IV 2010
Wrocław,city,2010Q4,2010,4,20104,98.38138608705987,100.99155617288554,IV 2010
Zielona Góra,city,2010Q4,2010,4,20104,107.09146968139775,111.83387870928297,IV 2010
Łódź,city,2010Q4,2010,4,20104,97.16914297685577,99.33156497392811,IV 2010
Białystok,city,2011Q4,2011,4,20114,103.55220667384285,98.97119341563786,IV 2011
Bydgoszcz,city,2011Q4,2011,4,20114,102.41206030150754,98.93203883495147,IV 2011
Katowice,city,2011Q4,2011,4,20114,99.01864573110893,97.487922705314,IV 2011
Kielce,city,2011Q4,2011,4,20114,101.29279750941289,101.79156097503066,IV 2011
Kraków,city,2011Q4,2011,4,20114,97.54119199651907,101.23618369178729,IV 2011
Lublin,city,2011Q4,2011,4,20114,96.3179051667187,101.22602451043865,IV 2011
Olsztyn,city,2011Q4,2011,4,20114,99.44672131147541,101.74004192872117,IV 2011
Opole,city,2011Q4,2011,4,20114,101.27699354295443,113.39116214895795,IV 2011
Poznań,city,2011Q4,2011,4,20114,97.40340067439875,92.3272156355267,IV 2011
Rzeszów,city,2011Q4,2011,4,20114,104.28441203281677,105.82793709528215,IV 2011
Szczecin,city,2011Q4,2011,4,20114,90.10844662796494,86.28034688077781,IV 2011
Trójmiasto,city_group,2011Q4,2011,4,20114,96.44925081668922,96.12467859489188,IV 2011
Warszawa,city,2011Q4,2011,4,20114,98.9759794826933,98.15315353840728,IV 2011
Wrocław,city,2011Q4,2011,4,20114,96.59533073929961,96.92759888616098,IV 2011
Zielona Góra,city,2011Q4,2011,4,20114,91.7753259779338,87.81190019193858,IV 2011
Łódź,city,2011Q4,2011,4,20114,101.09763746602552,101.67466766001922,IV 2011
Białystok,city,2012Q4,2012,4,20124,94.81865284974094,95.11434511434511,IV 2012
Bydgoszcz,city,2012Q4,2012,4,20124,99.68152866242038,92.14916584887143,IV 2012
Katowice,city,2012Q4,2012,4,20124,98.3050847457627,97.72051536174429,IV 2012
Kielce,city,2012Q4,2012,4,20124,98.87876740540243,94.14307177724774,IV 2012
Kraków,city,2012Q4,2012,4,20124,104.15198605209297,99.33211713060663,IV 2012
Lublin,city,2012Q4,2012,4,20124,95.45159014017584,92.46562881727593,IV 2012
Olsztyn,city,2012Q4,2012,4,20124,96.85672514619883,95.55944776426952,IV 2012
Opole,city,2012Q4,2012,4,20124,106.66774473044643,90.2675105394143,IV 2012
Poznań,city,2012Q4,2012,4,20124,106.57383086530217,102.5149741190217,IV 2012
Rzeszów,city,2012Q4,2012,4,20124,98.53068280034572,99.65034965034964,IV 2012
Szczecin,city,2012Q4,2012,4,20124,97.96786940010684,105.496065802612,IV 2012
Trójmiasto,city_group,2012Q4,2012,4,20124,96.21230544339403,91.29795673153181,IV 2012
Warszawa,city,2012Q4,2012,4,20124,97.55499219179833,94.60522282190153,IV 2012
Wrocław,city,2012Q4,2012,4,20124,99.78746014877791,94.56193353474322,IV 2012
Zielona Góra,city,2012Q4,2012,4,20124,96.01167315175097,107.86885245901641,IV 2012
Łódź,city,2012Q4,2012,4,20124,96.32696390658172,93.82690518043636,IV 2012
Białystok,city,2013Q4,2013,4,20134,100.1083423618635,100.98360655737706,IV 2013
Bydgoszcz,city,2013Q4,2013,4,20134,101.31868131868131,98.18956336528221,IV 2013
Katowice,city,2013Q4,2013,4,20134,92.74224914256136,93.77689898086581,IV 2013
Kielce,city,2013Q4,2013,4,20134,98.35422419599087,98.88588034223993,IV 2013
Kraków,city,2013Q4,2013,4,20134,97.84236352111691,94.1083062772358,IV 2013
Lublin,city,2013Q4,2013,4,20134,104.08680766851121,97.26768871182281,IV 2013
Olsztyn,city,2013Q4,2013,4,20134,99.7079186499351,99.37466307277629,IV 2013
Opole,city,2013Q4,2013,4,20134,103.877659386788,102.97237200936684,IV 2013
Poznań,city,2013Q4,2013,4,20134,91.21173219896602,87.4128728842653,IV 2013
Rzeszów,city,2013Q4,2013,4,20134,103.69369369369367,100.96491228070175,IV 2013
Szczecin,city,2013Q4,2013,4,20134,97.26244828666009,95.86663298580028,IV 2013
Trójmiasto,city_group,2013Q4,2013,4,20134,97.82313185769115,101.03738821028627,IV 2013
Warszawa,city,2013Q4,2013,4,20134,100.93319501456959,98.53376464039113,IV 2013
Wrocław,city,2013Q4,2013,4,20134,98.98190045248867,93.1842385516507,IV 2013
Zielona Góra,city,2013Q4,2013,4,20134,108.5103253045116,103.78292511394017,IV 2013
Łódź,city,2013Q4,2013,4,20134,100.34965034965036,94.8864888692969,IV 2013
Białystok,city,2014Q4,2014,4,20144,97.00854700854701,98.26839826839826,IV 2014
Bydgoszcz,city,2014Q4,2014,4,20144,97.28601252609604,101.08459869848157,IV 2014
Katowice,city,2014Q4,2014,4,20144,92.89531674428932,111.97444096479575,IV 2014
Kielce,city,2014Q4,2014,4,20144,98.94100815639165,97.77670714092217,IV 2014
Kraków,city,2014Q4,2014,4,20144,99.38975016672956,102.66433193068083,IV 2014
Lublin,city,2014Q4,2014,4,20144,99.93535315697065,102.10839545223764,IV 2014
Olsztyn,city,2014Q4,2014,4,20144,95.15461672473867,94.81393078008028,IV 2014
Opole,city,2014Q4,2014,4,20144,101.02660244458733,102.20469857950488,IV 2014
Poznań,city,2014Q4,2014,4,20144,99.97311430884035,108.12472545762634,IV 2014
Rzeszów,city,2014Q4,2014,4,20144,99.9131190269331,99.9131190269331,IV 2014
Szczecin,city,2014Q4,2014,4,20144,101.04821094542751,102.12436573932693,IV 2014
Trójmiasto,city_group,2014Q4,2014,4,20144,99.2979456022864,102.00249254862011,IV 2014
Warszawa,city,2014Q4,2014,4,20144,100.86071216251106,102.08744426832823,IV 2014
Wrocław,city,2014Q4,2014,4,20144,97.33629300776916,100.22857142857143,IV 2014
Zielona Góra,city,2014Q4,2014,4,20144,93.23385013172002,89.29843554082412,IV 2014
Łódź,city,2014Q4,2014,4,20144,99.51501154734413,100.09291521486645,IV 2014
Białystok,city,2015Q4,2015,4,20154,98.71657754010695,101.65198237885463,IV 2015
Bydgoszcz,city,2015Q4,2015,4,20154,99.47970863683663,102.57510729613732,IV 2015
Katowice,city,2015Q4,2015,4,20154,99.18282312749675,98.83567074400425,IV 2015
Kielce,city,2015Q4,2015,4,20154,97.67204876855561,97.7243357192478,IV 2015
Kraków,city,2015Q4,2015,4,20154,100.31412153561861,98.73549457085407,IV 2015
Lublin,city,2015Q4,2015,4,20154,98.92624184646262,100.10531265254808,IV 2015
Olsztyn,city,2015Q4,2015,4,20154,99.15670367207514,106.29362627302895,IV 2015
Opole,city,2015Q4,2015,4,20154,104.33649621513821,103.09006259208151,IV 2015
Poznań,city,2015Q4,2015,4,20154,98.43572537675004,99.96725029814876,IV 2015
Rzeszów,city,2015Q4,2015,4,20154,102.65251989389921,100.95652173913044,IV 2015
Szczecin,city,2015Q4,2015,4,20154,95.66220967772136,96.64388361818048,IV 2015
Trójmiasto,city_group,2015Q4,2015,4,20154,98.8985329279201,104.74670476560004,IV 2015
Warszawa,city,2015Q4,2015,4,20154,103.16467697540723,100.52743045996313,IV 2015
Wrocław,city,2015Q4,2015,4,20154,100.96878363832076,106.95553021664766,IV 2015
Zielona Góra,city,2015Q4,2015,4,20154,103.40561457953544,109.52058332469284,IV 2015
Łódź,city,2015Q4,2015,4,20154,99.1684702130083,101.02111858899976,IV 2015
Białystok,city,2016Q4,2016,4,20164,103.89473684210526,106.93391115926327,IV 2016
Bydgoszcz,city,2016Q4,2016,4,20164,99.5995995995996,104.07949790794979,IV 2016
Katowice,city,2016Q4,2016,4,20164,99.01003092993483,101.78634900763876,IV 2016
Kielce,city,2016Q4,2016,4,20164,97.53327441945596,94.1160349353318,IV 2016
Kraków,city,2016Q4,2016,4,20164,99.20701845012341,107.6615298335362,IV 2016
Lublin,city,2016Q4,2016,4,20164,100.86369502630794,103.06350172448772,IV 2016
Olsztyn,city,2016Q4,2016,4,20164,98.0439330543933,100.90429540316504,IV 2016
Opole,city,2016Q4,2016,4,20164,100.97759180301394,103.99017653036711,IV 2016
Poznań,city,2016Q4,2016,4,20164,101.16286159967005,103.91043977039978,IV 2016
Rzeszów,city,2016Q4,2016,4,20164,101.39130434782608,100.43066322136089,IV 2016
Szczecin,city,2016Q4,2016,4,20164,100.09638432130193,108.83306828395838,IV 2016
Trójmiasto,city_group,2016Q4,2016,4,20164,101.79793171978686,108.29648210571254,IV 2016
Warszawa,city,2016Q4,2016,4,20164,98.56075671265768,101.02752017129487,IV 2016
Wrocław,city,2016Q4,2016,4,20164,106.48648648648648,105.01066098081024,IV 2016
Zielona Góra,city,2016Q4,2016,4,20164,100.44453163471643,100.03879033426988,IV 2016
Łódź,city,2016Q4,2016,4,20164,100.87386455099461,100.76958419480817,IV 2016
Białystok,city,2017Q4,2017,4,20174,100.52539332383694,100.84555654203984,IV 2017
Bydgoszcz,city,2017Q4,2017,4,20174,101.2512030798845,105.7286432160804,IV 2017
Katowice,city,2017Q4,2017,4,20174,97.54088321849038,106.90922465178099,IV 2017
Kielce,city,2017Q4,2017,4,20174,100.54567681950115,103.66421680609167,IV 2017
Kraków,city,2017Q4,2017,4,20174,102.62019944668306,102.86755059616823,IV 2017
Lublin,city,2017Q4,2017,4,20174,101.76337306669292,101.6732283464567,IV 2017
Olsztyn,city,2017Q4,2017,4,20174,98.38027442484267,101.73903766136776,IV 2017
Opole,city,2017Q4,2017,4,20174,99.30467670588467,101.95057112745818,IV 2017
Poznań,city,2017Q4,2017,4,20174,101.41465838002355,101.21196451807761,IV 2017
Rzeszów,city,2017Q4,2017,4,20174,98.14814814814815,100.0,IV 2017
Szczecin,city,2017Q4,2017,4,20174,102.4781014999697,108.19480177177807,IV 2017
Trójmiasto,city_group,2017Q4,2017,4,20174,100.68438701500541,109.07444457297511,IV 2017
Warszawa,city,2017Q4,2017,4,20174,102.2914520236438,105.83724452089531,IV 2017
Wrocław,city,2017Q4,2017,4,20174,101.97238658777121,104.97461928934011,IV 2017
Zielona Góra,city,2017Q4,2017,4,20174,100.04824088037789,104.58601579093676,IV 2017
Łódź,city,2017Q4,2017,4,20174,100.56965302951839,110.6804969793685,IV 2017
Białystok,city,2018Q4,2018,4,20184,102.62417994376759,110.01203527879059,IV 2018
Bydgoszcz,city,2018Q4,2018,4,20184,102.31729055258467,109.12547528517109,IV 2018
Katowice,city,2018Q4,2018,4,20184,102.59446889733049,110.70189592793088,IV 2018
Kielce,city,2018Q4,2018,4,20184,99.79315918401595,103.85023727677503,IV 2018
Kraków,city,2018Q4,2018,4,20184,100.45760731231701,109.5576977331421,IV 2018
Lublin,city,2018Q4,2018,4,20184,100.7520210565896,103.75605033881898,IV 2018
Olsztyn,city,2018Q4,2018,4,20184,103.25488707534637,114.10444630872483,IV 2018
Opole,city,2018Q4,2018,4,20184,106.74904523938152,108.17427311556737,IV 2018
Poznań,city,2018Q4,2018,4,20184,102.48126499182743,109.62216250340376,IV 2018
Rzeszów,city,2018Q4,2018,4,20184,100.46656298600311,110.80617495711836,IV 2018
Szczecin,city,2018Q4,2018,4,20184,105.7360316717959,113.4008473298958,IV 2018
Trójmiasto,city_group,2018Q4,2018,4,20184,102.12420536283295,111.61975047663178,IV 2018
Warszawa,city,2018Q4,2018,4,20184,104.29309156293584,107.26537969333536,IV 2018
Wrocław,city,2018Q4,2018,4,20184,96.56084656084656,105.89941972920695,IV 2018
Zielona Góra,city,2018Q4,2018,4,20184,96.96445103345376,104.72093310703987,IV 2018
Łódź,city,2018Q4,2018,4,20184,103.28096118299446,115.0875386199794,IV 2018
Białystok,city,2019Q4,2019,4,20194,98.82464476691389,110.4746867572904,IV 2019
Bydgoszcz,city,2019Q4,2019,4,20194,105.43900543900544,118.20557491289199,IV 2019
Katowice,city,2019Q4,2019,4,20194,101.58949138556915,113.19392546032445,IV 2019
Kielce,city,2019Q4,2019,4,20194,103.17723321327279,113.39467473318263,IV 2019
Kraków,city,2019Q4,2019,4,20194,102.15791166657364,111.58753867262787,IV 2019
Lublin,city,2019Q4,2019,4,20194,102.9585798816568,113.64060459040866,IV 2019
Olsztyn,city,2019Q4,2019,4,20194,104.91997628927089,113.8682106424042,IV 2019
Opole,city,2019Q4,2019,4,20194,100.56046065719089,108.16289465548188,IV 2019
Poznań,city,2019Q4,2019,4,20194,102.89296237081615,107.69509982617747,IV 2019
Rzeszów,city,2019Q4,2019,4,20194,101.01010101010101,108.35913312693499,IV 2019
Szczecin,city,2019Q4,2019,4,20194,103.19115038246538,113.00267134700452,IV 2019
Trójmiasto,city_group,2019Q4,2019,4,20194,104.08660460956524,111.94773569138967,IV 2019
Warszawa,city,2019Q4,2019,4,20194,102.82167869977219,110.2668325036689,IV 2019
Wrocław,city,2019Q4,2019,4,20194,108.8113050706567,119.54337899543378,IV 2019
Zielona Góra,city,2019Q4,2019,4,20194,105.78930322543334,123.02632228758033,IV 2019
Łódź,city,2019Q4,2019,4,20194,103.79986811737554,112.68903803131991,IV 2019
Białystok,city,2020Q4,2020,4,20204,102.19909015143078,111.77121594812849,IV 2020
Bydgoszcz,city,2020Q4,2020,4,20204,103.7174721189591,102.80029476787031,IV 2020
Katowice,city,2020Q4,2020,4,20204,99.34376750603523,110.8651088483619,IV 2020
Kielce,city,2020Q4,2020,4,20204,100.93329412552873,106.95543168629706,IV 2020
Kraków,city,2020Q4,2020,4,20204,99.69882828026539,112.29646309899827,IV 2020
Lublin,city,2020Q4,2020,4,20204,101.28301886792453,110.1806239737274,IV 2020
Olsztyn,city,2020Q4,2020,4,20204,100.1780185758514,104.46327683615819,IV 2020
Opole,city,2020Q4,2020,4,20204,102.53868816809822,112.877442731956,IV 2020
Poznań,city,2020Q4,2020,4,20204,100.6693048389462,105.80011070120416,IV 2020
Rzeszów,city,2020Q4,2020,4,20204,102.708192281652,108.35714285714285,IV 2020
Szczecin,city,2020Q4,2020,4,20204,100.4769858504478,108.37180299366157,IV 2020
Trójmiasto,city_group,2020Q4,2020,4,20204,99.32186160207618,103.89315106117924,IV 2020
Warszawa,city,2020Q4,2020,4,20204,105.04374328762796,107.41618199536464,IV 2020
Wrocław,city,2020Q4,2020,4,20204,103.74680670278124,105.66728048190008,IV 2020
Zielona Góra,city,2020Q4,2020,4,20204,110.04162814482319,109.16193033783172,IV 2020
Łódź,city,2020Q4,2020,4,20204,94.2281591542253,104.74866989597396,IV 2020
Białystok,city,2021Q4,2021,4,20214,103.74614913751279,116.21149262326243,IV 2021
Bydgoszcz,city,2021Q4,2021,4,20214,109.16083916083916,111.89964157706093,IV 2021
Katowice,city,2021Q4,2021,4,20214,98.31670870712486,111.47685436881478,IV 2021
Kielce,city,2021Q4,2021,4,20214,105.29095302400238,117.2294565266027,IV 2021
Kraków,city,2021Q4,2021,4,20214,101.52834313397034,113.90654527131568,IV 2021
Lublin,city,2021Q4,2021,4,20214,101.6139878950908,112.59314456035767,IV 2021
Olsztyn,city,2021Q4,2021,4,20214,102.31624894395947,112.28463261994902,IV 2021
Opole,city,2021Q4,2021,4,20214,101.36909911509291,105.48232643082551,IV 2021
Poznań,city,2021Q4,2021,4,20214,102.91035968315636,109.78002120982295,IV 2021
Rzeszów,city,2021Q4,2021,4,20214,104.30247718383312,105.47132498352012,IV 2021
Szczecin,city,2021Q4,2021,4,20214,105.1780727668958,114.51529375137619,IV 2021
Trójmiasto,city_group,2021Q4,2021,4,20214,107.14214261338458,110.95813348323927,IV 2021
Warszawa,city,2021Q4,2021,4,20214,104.5538256232128,110.90349235511418,IV 2021
Wrocław,city,2021Q4,2021,4,20214,103.51009250731636,112.90515746586311,IV 2021
Zielona Góra,city,2021Q4,2021,4,20214,104.09045014168173,114.1332645240684,IV 2021
Łódź,city,2021Q4,2021,4,20214,100.24237527772166,112.87241300886967,IV 2021
Białystok,city,2022Q4,2022,4,20224,96.46723646723648,107.74596252741415,IV 2022
Bydgoszcz,city,2022Q4,2022,4,20224,99.31804091754493,102.62652146060218,IV 2022
Katowice,city,2022Q4,2022,4,20224,99.69247844215354,108.86102748261202,IV 2022
Kielce,city,2022Q4,2022,4,20224,99.5349294223252,113.95321568230048,IV 2022
Kraków,city,2022Q4,2022,4,20224,101.03767986325114,112.7871877307812,IV 2022
Lublin,city,2022Q4,2022,4,20224,94.44115907746895,105.6915949702184,IV 2022
Olsztyn,city,2022Q4,2022,4,20224,99.06542056074765,108.676804513865,IV 2022
Opole,city,2022Q4,2022,4,20224,99.9332015745149,111.55260838988784,IV 2022
Poznań,city,2022Q4,2022,4,20224,99.68851908821689,109.09134692492162,IV 2022
Rzeszów,city,2022Q4,2022,4,20224,99.12772585669781,99.4375,IV 2022
Szczecin,city,2022Q4,2022,4,20224,104.81865471722729,113.56675457276697,IV 2022
Trójmiasto,city_group,2022Q4,2022,4,20224,99.76307285498268,103.9882391261242,IV 2022
Warszawa,city,2022Q4,2022,4,20224,101.6206960425483,105.2215861468682,IV 2022
Wrocław,city,2022Q4,2022,4,20224,106.10637715085882,116.09467710055861,IV 2022
Zielona Góra,city,2022Q4,2022,4,20224,97.27459693072875,110.18164736069606,IV 2022
Łódź,city,2022Q4,2022,4,20224,94.18290509858022,110.04768621129695,IV 2022
Białystok,city,2023Q4,2023,4,20234,101.88781014023733,111.57708210277613,IV 2023
Bydgoszcz,city,2023Q4,2023,4,20234,109.71962616822431,109.92509363295882,IV 2023
Katowice,city,2023Q4,2023,4,20234,107.35113961952658,113.41564800590459,IV 2023
Kielce,city,2023Q4,2023,4,20234,106.41047359720955,108.33153959977105,IV 2023
Kraków,city,2023Q4,2023,4,20234,104.37450657444951,112.66780039206539,IV 2023
Lublin,city,2023Q4,2023,4,20234,100.92824601366743,110.97683155917346,IV 2023
Olsztyn,city,2023Q4,2023,4,20234,101.0830540928674,106.95833860959858,IV 2023
Opole,city,2023Q4,2023,4,20234,103.22660621335753,112.67974235281946,IV 2023
Poznań,city,2023Q4,2023,4,20234,105.2945723523517,112.45600485241498,IV 2023
Rzeszów,city,2023Q4,2023,4,20234,106.30681818181817,117.5989943431804,IV 2023
Szczecin,city,2023Q4,2023,4,20234,103.73973032714092,106.1877630844567,IV 2023
Trójmiasto,city_group,2023Q4,2023,4,20234,100.3786199772155,112.46604418084178,IV 2023
Warszawa,city,2023Q4,2023,4,20234,102.92934500033614,110.58738831155846,IV 2023
Wrocław,city,2023Q4,2023,4,20234,107.78370293479517,111.1216612993344,IV 2023
Zielona Góra,city,2023Q4,2023,4,20234,103.55547714720687,114.60017195843002,IV 2023
Łódź,city,2023Q4,2023,4,20234,101.84705679268082,108.02563320109857,IV 2023
Białystok,city,2024Q4,2024,4,20244,100.82872928176796,115.93435680254103,IV 2024
Bydgoszcz,city,2024Q4,2024,4,20244,101.45615018034253,104.48990644541745,IV 2024
Katowice,city,2024Q4,2024,4,20244,103.497459628951,114.02713877091175,IV 2024
Kielce,city,2024Q4,2024,4,20244,101.36329706374066,116.36178453376678,IV 2024
Kraków,city,2024Q4,2024,4,20244,100.73981674985986,120.98924041912358,IV 2024
Lublin,city,2024Q4,2024,4,20244,99.5,112.28347345257576,IV 2024
Olsztyn,city,2024Q4,2024,4,20244,99.19886154008329,111.41301130645829,IV 2024
Opole,city,2024Q4,2024,4,20244,100.21114676639212,112.7879360860561,IV 2024
Poznań,city,2024Q4,2024,4,20244,101.01605698910905,111.58586916606322,IV 2024
Rzeszów,city,2024Q4,2024,4,20244,98.4771573604061,114.05665419561733,IV 2024
Szczecin,city,2024Q4,2024,4,20244,94.52930681611788,107.20990609442835,IV 2024
Trójmiasto,city_group,2024Q4,2024,4,20244,101.20928144189433,110.84146638283214,IV 2024
Warszawa,city,2024Q4,2024,4,20244,99.5068739792292,109.98325704604453,IV 2024
Wrocław,city,2024Q4,2024,4,20244,101.44447202243838,111.55226872945627,IV 2024
Zielona Góra,city,2024Q4,2024,4,20244,97.17309672063979,109.11570296503832,IV 2024
Łódź,city,2024Q4,2024,4,20244,99.7742547842594,109.87005649717514,IV 2024
Białystok,city,2025Q4,2025,4,20254,101.49045179319982,99.49771689497717,IV 2025
Bydgoszcz,city,2025Q4,2025,4,20254,101.88391038696538,108.74602530299997,IV 2025
Katowice,city,2025Q4,2025,4,20254,97.34049186254518,98.77136788634448,IV 2025
Kielce,city,2025Q4,2025,4,20254,98.61240488479265,99.42028089575066,IV 2025
Kraków,city,2025Q4,2025,4,20254,101.65030210523327,100.48654019797512,IV 2025
Lublin,city,2025Q4,2025,4,20254,98.63961928567994,103.11557788944722,IV 2025
Olsztyn,city,2025Q4,2025,4,20254,99.73520776804085,104.47372615695234,IV 2025
Opole,city,2025Q4,2025,4,20254,96.61849985162154,105.27686312973972,IV 2025
Poznań,city,2025Q4,2025,4,20254,101.01863887455708,100.6249176837378,IV 2025
Rzeszów,city,2025Q4,2025,4,20254,96.75625579240037,97.8444236176195,IV 2025
Szczecin,city,2025Q4,2025,4,20254,100.98812344675072,101.69993020113634,IV 2025
Trójmiasto,city_group,2025Q4,2025,4,20254,100.6604392812338,105.35156979960279,IV 2025
Warszawa,city,2025Q4,2025,4,20254,103.30950880931815,101.76348187366054,IV 2025
Wrocław,city,2025Q4,2025,4,20254,97.72033365201995,97.56364172574034,IV 2025
Zielona Góra,city,2025Q4,2025,4,20254,104.53553897080666,115.7367110334613,IV 2025
Łódź,city,2025Q4,2025,4,20254,103.44827586206897,107.0602149431789,IV 2025
